candidate,anchor,segment_type,segment,rows,weight_sum,sse,anchor_sse,weighted_sse_share,rmse,anchor_rmse,delta_sse_vs_anchor,delta_rmse_vs_anchor,mae,anchor_mae,bias,anchor_bias,mean_abs_step_error,mean_abs_pred_step,mean_abs_true_step,worse_than_anchor
exp026,exp073,distance_bucket,000-100,300,300.0,267.2889058512064,169.5696661286037,0.0002880535191039693,0.943908374527963,0.7518192737810591,97.71923972260268,0.19208910074690388,0.732023528604453,0.6646705729167964,-0.6489596147440655,-0.3901153645834772,0.06224603696612174,0.05262115471598516,0.025521885521897526,True
exp026,exp073,distance_bucket,100-250,450,450.0,4610.7709166275745,842.147617651518,0.0049689633922036305,3.2009619792346364,1.36800553739256,3768.6232989760565,1.8329564418420765,2.9268333216541538,1.2072437500001332,-2.9268333216541538,-1.1827013888890523,0.13644964959742842,0.12916271444653427,0.02128888888888873,True
exp026,exp073,distance_bucket,1000+,11151,11151.0,894123.7680363527,257385.9001487386,0.9635846915425207,8.95451177585718,4.804359177919562,636737.8678876141,4.150152597937618,6.619730987538689,3.375490528455888,5.069954669593993,2.934072319046364,0.24202964366969795,0.23373127228120463,0.019092458075507586,True
exp026,exp073,distance_bucket,250-500,750,750.0,6496.712809250287,5360.730065188989,0.007001416618294461,2.9431757925185256,2.673507076279891,1135.982744061298,0.2696687162386344,2.373919879089869,1.9874925000000851,-2.3643456063655344,-1.9811430208334253,0.22348508341005316,0.22141528893063028,0.008106666666673845,True
exp026,exp073,distance_bucket,500-1000,1500,1500.0,22415.503509006958,8084.551820128191,0.024156874927877537,3.8657042057049114,2.321573004111392,14330.951688878766,1.5441312015935194,3.0793021786461456,1.79535320312503,-0.8644561721477184,-1.284582630208469,0.2992243508463883,0.2964575457186608,0.007773333333332024,True
exp026,exp073,tail_length_bucket,2500-5000,8137,8137.0,253367.99224500998,59344.9933079512,0.2730511450224971,5.580122293309025,2.700597644995682,194022.9989370588,2.8795246483133434,4.791780819576392,2.1468787060648404,2.3562079717494346,0.9025469018832474,0.2572390058301819,0.2511821177503632,0.016100799016595578,True
exp026,exp073,tail_length_bucket,5000+,6014,6014.0,674546.0519320786,212497.90600988473,0.726948854977503,10.590685963961109,5.944230140822078,462048.1459221938,4.646455823139031,7.110404879242291,4.173138159398854,5.4507638696964,3.5437038316842577,0.21662614306621913,0.2074622283445967,0.019427906203224175,True
exp027,exp073,distance_bucket,000-100,300,300.0,0.007829852013238641,169.5696661286037,0.02006435748460697,0.005108767631317309,0.7518192737810591,-169.56183627659047,-0.7467105061497418,0.003977593525432894,0.6646705729167964,-0.0005721818296478886,-0.3901153645834772,0.003670033670879347,0.025690235690343236,0.025521885521897526,False
exp027,exp073,distance_bucket,100-250,450,450.0,0.011038216169350155,842.147617651518,0.02828593884529913,0.004952713323545243,1.36800553739256,-842.1365794353486,-1.3630528240690147,0.003850486210916036,1.2072437500001332,-0.0005944040520423894,-1.1827013888890523,0.003955555556365451,0.021333333333394773,0.02128888888888873,False
exp027,exp073,distance_bucket,1000+,11151,11151.0,0.3078477352232115,257385.9001487386,0.7888740425619192,0.0052542541212827806,4.804359177919562,-257385.5923010034,-4.799104923798279,0.004199734529312881,3.375490528455888,-0.0012475380872022375,2.934072319046364,0.004537709623265815,0.019431441126560964,0.019092458075507586,False
exp027,exp073,distance_bucket,250-500,750,750.0,0.021757668915732803,5360.730065188989,0.05575503169394045,0.005386114111395809,2.673507076279891,-5360.7083075200735,-2.668120962168495,0.004143154657778117,1.9874925000000851,-0.0016521818297502856,-1.9811430208334253,0.004440000000734775,0.008546666667035121,0.008106666666673845,False
exp027,exp073,distance_bucket,500-1000,1500,1500.0,0.041763395180731425,8084.551820128191,0.10702062941423407,0.005276576868938891,2.321573004111392,-8084.51005673301,-2.3162964272424533,0.004125513201826834,1.79535320312503,-0.0007321818298150902,-1.284582630208469,0.004633333334011695,0.008580000000329165,0.007773333333332024,False
exp027,exp073,tail_length_bucket,2500-5000,8137,8137.0,0.23003096774940923,59344.9933079512,0.5894649811580766,0.005316930644147278,2.700597644995682,-59344.763276983445,-2.6952807143515347,0.0036706869519804227,2.1468787060648404,-0.0012715330236672576,0.9025469018832474,0.0045433312851203235,0.016508912108304154,0.016100799016595578,False
exp027,exp073,tail_length_bucket,5000+,6014,6014.0,0.16020589975285532,212497.90600988473,0.4105350188419233,0.005161281433074795,5.944230140822078,-212497.74580398496,-5.939068859389003,0.004852759005107941,4.173138159398854,-0.001054436063545139,3.5437038316842577,0.004455346749836607,0.019772160319650206,0.019427906203224175,False
exp054,exp073,distance_bucket,000-100,300,300.0,249.288352018639,169.5696661286037,0.00047382288245912134,0.9115707177150126,0.7518192737810591,79.71868589003529,0.15975144393395357,0.7045586393675876,0.6646705729167964,-0.6661734688807398,-0.3901153645834772,0.045863738469578606,0.03592885473303167,0.025521885521897526,True
exp054,exp073,distance_bucket,100-250,450,450.0,4595.5715610906245,842.147617651518,0.008734812300657818,3.1956816560583836,1.36800553739256,3753.4239434391066,1.8276761186658237,2.9863605729648164,1.2072437500001332,-2.9863605729648164,-1.1827013888890523,0.060959534902738394,0.055745747760928575,0.02128888888888873,True
exp054,exp073,distance_bucket,1000+,11151,11151.0,511114.76088076207,257385.9001487386,0.9714768753006956,6.770212554722261,4.804359177919562,253728.86073202346,1.9658533768026993,5.074397963035713,3.375490528455888,3.6587808869094327,2.934072319046364,0.21029303321893889,0.20338334785549242,0.019092458075507586,True
exp054,exp073,distance_bucket,250-500,750,750.0,3820.496436245451,5360.730065188989,0.007261625419671718,2.25698809219882,2.673507076279891,-1540.233628943538,-0.41651898408107124,2.1028516591806743,1.9874925000000851,-2.1028516591806743,-1.9811430208334253,0.20033608303914663,0.1994425032176902,0.008106666666673845,False
exp054,exp073,distance_bucket,500-1000,1500,1500.0,6341.269573413403,8084.551820128191,0.012052864096515863,2.0560916927370405,2.321573004111392,-1743.282246714788,-0.2654813113743515,1.623888248045417,1.79535320312503,-0.5518375118595334,-1.284582630208469,0.2430728005072706,0.24118208091303434,0.007773333333332024,False
exp054,exp073,tail_length_bucket,2500-5000,8137,8137.0,158413.50338607386,59344.9933079512,0.30109687110140293,4.412288906996538,2.700597644995682,99068.51007812266,1.7116912620008558,3.6369615155141277,2.1468787060648404,2.2683860029836436,0.9025469018832474,0.24287633488697058,0.2381325686520665,0.016100799016595578,True
exp054,exp073,tail_length_bucket,5000+,6014,6014.0,367707.8834174563,212497.90600988473,0.6989031288985971,7.819333898111294,5.944230140822078,155209.97740757157,1.8751037572892164,5.413843831089268,4.173138159398854,3.0582972153269012,3.5437038316842577,0.1538488629953176,0.14598881108980252,0.019427906203224175,True
exp063,exp073,distance_bucket,000-100,300,300.0,156.5543013291022,169.5696661286037,0.0005383653697037838,0.7223902484786234,0.7518192737810591,-13.015364799501498,-0.02942902530243563,0.6042998697918119,0.6646705729167964,-0.3950990885418105,-0.3901153645834772,0.03269610164144721,0.031180950126262628,0.025521885521897526,False
exp063,exp073,distance_bucket,100-250,450,450.0,715.6904224076877,842.147617651518,0.0024611456573333207,1.261119804342939,1.36800553739256,-126.45719524383026,-0.1068857330496209,1.1615526909723768,1.2072437500001332,-1.1572261284723855,-1.1827013888890523,0.03723385416664516,0.036484375,0.02128888888888873,False
exp063,exp073,distance_bucket,1000+,11151,11151.0,279133.15481613576,257385.9001487386,0.959894572128485,5.003210831813827,4.804359177919562,21747.254667397152,0.1988516538942653,3.438676379921033,3.375490528455888,2.7582741668346786,2.934072319046364,0.049913972121326325,0.04889888659088871,0.019092458075507586,True
exp063,exp073,distance_bucket,250-500,750,750.0,4138.018715549058,5360.730065188989,0.014229988934987002,2.348905763839568,2.673507076279891,-1222.7113496399315,-0.3246013124403233,1.8844716666667518,1.9874925000000851,-1.880036250000092,-1.9811430208334253,0.0353676041666428,0.033731770833333334,0.008106666666673845,False
exp063,exp073,distance_bucket,500-1000,1500,1500.0,6652.220058462843,8084.551820128191,0.02287592790949101,2.1058996586515137,2.321573004111392,-1432.3317616653485,-0.21567334545987826,1.6640148958333534,1.79535320312503,-1.2330455208334692,-1.284582630208469,0.05013648437501373,0.049811848958333335,0.007773333333332024,False
exp063,exp073,tail_length_bucket,2500-5000,8137,8137.0,52353.72578567375,59344.9933079512,0.1800361452779536,2.53653955412325,2.700597644995682,-6991.267522277449,-0.16405809087243206,1.993392796792404,2.1468787060648404,0.7520144190886056,0.9025469018832474,0.038912305047626286,0.03797981810848187,0.016100799016595578,False
exp063,exp073,tail_length_bucket,5000+,6014,6014.0,238441.91252821064,212497.90600988473,0.8199638547220462,6.296650475019065,5.944230140822078,25944.006518325914,0.35242033419698693,4.445927484307425,4.173138159398854,3.4485362409584512,3.5437038316842577,0.06123989818933525,0.060203056138782636,0.019427906203224175,True
exp069,exp073,distance_bucket,000-100,300,300.0,261.95647841491245,169.5696661286037,0.00011208365432473516,0.9344454298582885,0.7518192737810591,92.38681228630875,0.18262615607722943,0.7277945312499348,0.6646705729167964,0.2570786458331895,-0.3901153645834772,0.045104561237338706,0.052251025883838384,0.025521885521897526,True
exp069,exp073,distance_bucket,100-250,450,450.0,1517.2246924271735,842.147617651518,0.0006491768746776645,1.8361945505898718,1.36800553739256,675.0770747756555,0.4681890131973119,1.5975481770834288,1.2072437500001332,-0.3238667534723855,-1.1827013888890523,0.05265729166672019,0.04707899305555555,0.02128888888888873,True
exp069,exp073,distance_bucket,1000+,11151,11151.0,2274462.7977253175,257385.9001487386,0.9731773137938247,14.281785660181953,4.804359177919562,2017076.897576579,9.477426482262391,9.831137954975915,3.375490528455888,9.366199517559949,2.934072319046364,0.029561575895660684,0.022021479996188684,0.019092458075507586,True
exp069,exp073,distance_bucket,250-500,750,750.0,29274.193631168426,5360.730065188989,0.012525586767104966,6.247580185551142,2.673507076279891,23913.463565979437,3.5740731092712505,3.8651360416667497,1.9874925000000851,-3.844247187500092,-1.9811430208334253,0.02688390625000951,0.021772135416666668,0.008106666666673845,True
exp069,exp073,distance_bucket,500-1000,1500,1500.0,31635.30592069911,8084.551820128191,0.013535838910067719,4.592407206153734,2.321573004111392,23550.754100570917,2.2708342020423418,2.937219140624995,1.79535320312503,-2.016512317708469,-1.284582630208469,0.039521692708332314,0.037830078125,0.007773333333332024,True
exp069,exp073,tail_length_bucket,2500-5000,8137,8137.0,533093.7935679152,59344.9933079512,0.2280955250371333,8.094120306004303,2.700597644995682,473748.800259964,5.393522661008621,6.082974784356867,2.1468787060648404,4.452555614976217,0.9025469018832474,0.02984418216042658,0.023251430931161648,0.016100799016595578,True
exp069,exp073,tail_length_bucket,5000+,6014,6014.0,1804057.6848801123,212497.90600988473,0.7719044749628666,17.319824942223974,5.944230140822078,1591559.7788702275,11.375594801401895,11.368767758043676,4.173138159398854,10.348432901355025,3.5437038316842577,0.03382604617079018,0.027638359076168302,0.019427906203224175,True
exp070,exp073,distance_bucket,000-100,300,300.0,294.10594142002776,169.5696661286037,0.001102640827647044,0.990127839254487,0.7518192737810591,124.53627529142406,0.23830856547342794,0.8142990885417567,0.6646705729167964,-0.2797410156251438,-0.3901153645834772,0.0510440340908476,0.051017992424242424,0.025521885521897526,True
exp070,exp073,distance_bucket,100-250,450,450.0,566.681509291166,842.147617651518,0.00212456152840759,1.1221819116655096,1.36800553739256,-275.466108360352,-0.2458236257270503,0.937258246527878,1.2072437500001332,-0.8510585937501634,-1.1827013888890523,0.05797899305557318,0.055828993055555554,0.02128888888888873,False
exp070,exp073,distance_bucket,1000+,11151,11151.0,225548.0598099588,257385.9001487386,0.8456085522864664,4.497411643229029,4.804359177919562,-31837.840338779817,-0.3069475346905328,3.3662375151331463,3.375490528455888,1.9523532432628015,2.934072319046364,0.05865122802887946,0.05581723331988162,0.019092458075507586,False
exp070,exp073,distance_bucket,250-500,750,750.0,18111.63632449711,5360.730065188989,0.06790284334434672,4.9141477829490245,2.673507076279891,12750.906259308122,2.2406407066691334,3.0420443750000996,1.9874925000000851,-3.0162888541667585,-1.9811430208334253,0.053094062499925106,0.051265625,0.008106666666673845,True
exp070,exp073,distance_bucket,500-1000,1500,1500.0,22208.204529555253,8084.551820128191,0.08326140201313219,3.847787635300338,2.321573004111392,14123.65270942706,1.526214631188946,2.6619124218750403,1.79535320312503,-1.9425683072918025,-1.284582630208469,0.06762158854167864,0.06664908854166667,0.007773333333332024,True
exp070,exp073,tail_length_bucket,2500-5000,8137,8137.0,124628.80092975512,59344.9933079512,0.467249330436294,3.913605541692465,2.700597644995682,65283.80762180392,1.2130078966967832,3.1525121695265215,2.1468787060648404,0.7521559168380832,0.9025469018832474,0.04845239512906119,0.04547672095881991,0.016100799016595578,True
exp070,exp073,tail_length_bucket,5000+,6014,6014.0,142099.88718496723,212497.90600988473,0.5327506695637059,4.860882852519085,5.944230140822078,-70398.0188249175,-1.0833472883029929,3.1302595376413556,4.173138159398854,1.6640223722770413,3.5437038316842577,0.07356779711667613,0.07170515315774156,0.019427906203224175,False
exp073,exp073,distance_bucket,000-100,300,300.0,169.5696661286037,169.5696661286037,0.0006237781695020277,0.7518192737810591,0.7518192737810591,0.0,0.0,0.6646705729167964,0.6646705729167964,-0.3901153645834772,-0.3901153645834772,0.03407460016837785,0.031217119107744107,0.025521885521897526,False
exp073,exp073,distance_bucket,100-250,450,450.0,842.147617651518,842.147617651518,0.003097920231739758,1.36800553739256,1.36800553739256,0.0,0.0,1.2072437500001332,1.2072437500001332,-1.1827013888890523,-1.1827013888890523,0.04160815972215965,0.040299479166666666,0.02128888888888873,False
exp073,exp073,distance_bucket,1000+,11151,11151.0,257385.9001487386,257385.9001487386,0.9468185514303453,4.804359177919562,4.804359177919562,0.0,0.0,3.375490528455888,3.375490528455888,2.934072319046364,2.934072319046364,0.053851126020070576,0.053127942561205274,0.019092458075507586,False
exp073,exp073,distance_bucket,250-500,750,750.0,5360.730065188989,5360.730065188989,0.019719956190289444,2.673507076279891,2.673507076279891,0.0,0.0,1.9874925000000851,1.9874925000000851,-1.9811430208334253,-1.9811430208334253,0.037096718749977296,0.03510807291666666,0.008106666666673845,False
exp073,exp073,distance_bucket,500-1000,1500,1500.0,8084.551820128191,8084.551820128191,0.029739793978123433,2.321573004111392,2.321573004111392,0.0,0.0,1.79535320312503,1.79535320312503,-1.284582630208469,-1.284582630208469,0.05455328125000354,0.054401041666666664,0.007773333333332024,False
exp073,exp073,tail_length_bucket,2500-5000,8137,8137.0,59344.9933079512,59344.9933079512,0.2183062108919227,2.700597644995682,2.700597644995682,0.0,0.0,2.1468787060648404,2.1468787060648404,0.9025469018832474,0.9025469018832474,0.04190144341578522,0.04136363418100799,0.016100799016595578,False
exp073,exp073,tail_length_bucket,5000+,6014,6014.0,212497.90600988473,212497.90600988473,0.7816937891080773,5.944230140822078,5.944230140822078,0.0,0.0,4.173138159398854,4.173138159398854,3.5437038316842577,3.5437038316842577,0.0662102034134147,0.06507157668800931,0.019427906203224175,False
