exact_typewell_group,typewell_hash,n_wells,wells,x_mean_min,x_mean_max,y_mean_min,y_mean_max
native_overlap_1_cluster_0001,native_overlap_1_cluster_0001,71,"09441b8d,0a57a29c,0d99f8e4,10a1281a,13ce113d,18d24f7b,1a518997,203721ab,2075c696,264feceb,29b24409,2ee0235b,310c71a5,3690a146,373ef48b,3bbe1f5d,3d96d897,445af6c2,4654e7de,4caa7289,4f4afcc6,4fbe9c06,521a7819,5a5d1982,5def1ce5,6a0ff78e,6ede926a,729f4217,75cd5f11,764072a5,7c607683,7cd4bb31,7d50373e,811f52b3,85380836,87aa3730,884ecb5f,8a89da23,8bb9c1e6,8d5d46d7,8f201368,90386ee4,995ff498,a0383629,a692b17e,a7744f5b,b19b0395,b32e4903,b585b4fa,b881d27e,bb2cdd83,be83e781,c6c96179,c9578d27,cdc60a53,d24ff243,d2f3b1ab,d40f61d5,d6c320d9,d84b621b,dafc88c3,df8290be,e14d641e,e45a2a62,e6c55748,ebe69318,eeed308d,f03f10fe,f6824bb0,f9fc81aa,fbd68d27",2895369.8746572156,2911890.475750669,1022061.9299471264,1041995.2699364119
native_overlap_1_cluster_0002,native_overlap_1_cluster_0002,53,"0be01c24,12f0cd90,14ad5efb,1550491d,1944513c,26623a50,2d0c268a,3df4b19e,4ed93db6,4f3eb9e9,512943b2,593876b6,5a5269a9,6d590e26,6dbe4b60,739a914f,8382f4b6,861e71df,877ed19c,8ac2f237,992c99e8,9da441ba,9e3e364d,a0b83014,a5e6f7dc,a622ce4d,a6ed2eff,aa95015b,b85f7b06,b95e7121,b977be4a,bd6f0e19,c1d046f4,c2717d4f,c2c4db09,c66be2b8,c8d9680c,c908edd0,c96c018a,c9e980e8,cbb406b5,d1ee630d,da940160,ddc790ff,e730c32b,e7d0c1de,ea41324e,eb06a4e7,f56d3ace,f8f59188,fd3b4faa,fd8f77fa,fdfd57da",2991973.4346432877,3013045.113935273,1110077.0439762636,1125754.0964376132
native_overlap_1_cluster_0003,native_overlap_1_cluster_0003,41,"00bbac68,015fe0d2,153552f5,155887bb,177622d7,25939962,2ab29395,2b547943,2f19d536,3584a6eb,37d36812,3a824aa7,3bfee975,47222616,6e6d122c,73b1447d,75c20ec7,77b0d905,8050c789,86454a6f,8b9d8326,8bfa881d,925a7cd1,96936c22,aaeffccb,ab112491,ab18d3fc,ab3ced07,abf460d2,b0f53bf4,ba48188d,c2c6fc71,c47e0767,cdc31d65,da2d4d7c,e161bd0c,ec13af42,ed6436d6,edf885a3,f053a1b9,fd710aea",2998264.267195613,3012691.30262879,1075454.3888278827,1096323.5669484849
native_overlap_1_cluster_0004,native_overlap_1_cluster_0004,38,"16e4a047,1f9afacb,200d233d,2f8e53c3,44441e54,4630ab92,466fc788,4cecf7b3,4e050c92,5138a660,5a1a8fd8,5cb483ac,699ea575,72dd8501,7b38844c,7bb17b96,7cbbd047,7e208414,84815d5a,8648abae,89fdb2f2,8a3da6d1,91db7070,9426ec1e,9a8ae0d6,9d072e4c,9df1b1f9,a645da9a,a79fd2e7,b1efb8a4,b38e3116,c6797dd7,d273674e,d6dd7330,d924e971,e748dd88,ed6e6e54,f074d277",3001178.285085331,3021243.7555997954,1097327.633413037,1111849.2048026468
native_overlap_1_cluster_0005,native_overlap_1_cluster_0005,31,"14a53cb3,24d8997e,25fd32b3,2d196986,2d2d0c6b,2e43c2ea,460f859e,49dbc14c,4a335117,504c8b08,5cdd8dbc,62a6f539,77e4821c,7acda2df,8255c867,833af382,865033f8,95c8427f,999daf80,9c8375f7,a85bb86f,b4d8dd4f,b4f37e6e,b56bc0aa,bf39bc20,cc08aa63,dd7d638e,e7c36e81,e97032ad,eafb863e,f4d12d23",2911612.4489965914,2921675.7711880677,1040038.2709817761,1048462.5427607832
native_overlap_1_cluster_0006,native_overlap_1_cluster_0006,31,"197f8a5a,20402d71,25050f63,28f4eda9,3ac16ad0,43c7f85a,4c3df468,4f69febf,6d1d74e1,722cf0d8,729e9750,82fcf37c,8bda1a11,98bc6f66,a247e7cf,a4cdbb0f,aff4e561,b7cdcecb,beda8696,bf70b410,c50b42f6,c59b6c4a,d114d9c2,d9eca87b,da3bfe4e,df71d1ff,e149204f,eac10e86,f2d4c8c9,f8afa78a,fa16d114",2880373.065516472,2891883.044752529,1017497.5823207351,1028618.3814484389
native_overlap_1_cluster_0007,native_overlap_1_cluster_0007,30,"044af7d1,05a0ee4d,1aaf1da0,20096916,22c5f93f,2acc78d4,2be5c96a,2d35f86d,368131f9,3c3dbcbc,43b06c70,4a8ecc0b,4cd1ac61,647f2a41,729665c0,8612b37f,8b12bab6,93209a3d,939d9c34,9ad5410a,9b9e3b49,bd4ae5da,be063506,bffe3082,c36625df,d50c649a,eabc711b,f40cd091,fba7683c,fc03f21f",2993130.5241662967,3009892.159263232,1092538.099165653,1113198.8567178196
native_overlap_1_cluster_0008,native_overlap_1_cluster_0008,28,"01982c1d,0dc835f3,14fee784,2ac7cb6b,30d75030,367456ce,3aaa2b30,4936af16,5f4d2a52,6ea22614,7256229b,796dbd4c,84633df4,8478df29,89969c7a,8cc800b3,940a48d9,add9c322,b32902c0,cb879f40,cbe62450,d085e611,d0a0e7b5,d543916f,eb640a35,efde6ac3,f16e25e3,fae0c593",2989652.3431678056,2998063.636030645,1109625.2174799151,1124468.008276236
native_overlap_1_cluster_0009,native_overlap_1_cluster_0009,28,"09ec2ca9,0dc5e64d,0e5e560d,19137a89,3f603129,4121c517,4ddde4c1,529e88ca,656a067b,6767c111,698930d1,708caea9,7d57c75d,807f0298,8995c945,9719aa04,a5aa7973,bb682ebd,d0cb63ae,d1ecf309,d9ae59b2,dc7f9757,e7818f7a,ee288beb,f5d8aab6,f6d009f4,f72b268f,fb73b13a",2995621.8895945153,3012992.5152398683,1121688.898106799,1138904.2240498269
native_overlap_1_cluster_0010,native_overlap_1_cluster_0010,27,"028d7b28,0dd99dc5,113011eb,13f598d9,1770d7c6,19871e7f,1fee2b62,276b012a,2d9f6cb9,3b21ea64,41fb0192,4a035ec2,4b831d20,5b7b6324,67847288,79507629,9bd2bba3,9d4272e3,a48640d9,b5aa9634,c70c0e01,d7ba4f9d,dbee6c86,df73b8f3,ea0b99b7,f321a31c,fa667be2",2993258.9570152727,3010481.3895183643,1067375.7023179221,1078759.912787243
native_overlap_1_cluster_0011,native_overlap_1_cluster_0011,26,"084d66f9,2bff06cf,3407f5bf,37344c2a,39b51819,43e16325,4b462989,543198e8,5542c301,56b00794,5aa403d0,5fb1c15f,65156b96,91b301ce,9283ae69,93f5d2e6,940e709a,9896fc0b,9ab94eeb,a08d9e63,aee6393a,dd168de0,e85074c5,ecdaf714,f439a621,fef8af96",2919668.660502812,2931923.620812947,1042923.475916747,1061832.126039463
native_overlap_1_cluster_0012,native_overlap_1_cluster_0012,25,"0498acab,052d64df,125be846,1a730ac2,2043abc5,206b6193,230eaaa3,272abef3,283269ac,3a86fe8d,3ef6372a,47ee27ab,516088b7,5567d551,5beded95,5fffa282,69c1bdad,726f3dc2,78a4a386,9c350a6a,9dfff011,bb337fa0,ce55ba43,d217e0c5,e0f36d98",2979176.583029887,2997667.9058493734,1092565.151790378,1107196.5194843214
native_overlap_1_cluster_0013,native_overlap_1_cluster_0013,22,"08fecf00,0955cd6c,109d9d70,1e5e3573,201661b5,2e29e833,3a0af893,53134831,5693dde2,5d7198fd,5f6756c5,63559d57,7987f2f2,89f36adf,a3518960,a959858c,c99f9fae,cbe51de1,d3df146b,d463e527,e5c92e59,fa31da94",3012527.658358829,3027324.279189195,1106779.909016364,1118698.0152619898
native_overlap_1_cluster_0014,native_overlap_1_cluster_0014,22,"1b6ba517,27ebb9b9,3932faa6,481de5fc,5254b6db,5663b2b7,58fa8486,6a8fa194,71ccf778,75d20a82,9314ff13,992ce078,9ffce529,aaaf3c03,ad2133a8,cc8a1d57,cda7eb37,d63196fe,dc5fbe29,e9949a23,f08774c3,f140c2fa",2909294.7668316355,2924789.4372912715,1015007.4274154464,1021506.8347798001
native_overlap_1_cluster_0015,native_overlap_1_cluster_0015,20,"09053135,1590af81,1619e2ca,23b9beb0,261785ee,2fe023be,33c40295,3e011332,45fb3e21,5397ceb1,53f23031,60e37807,7b2c7b3c,8d92cb49,9def2eb2,a4719920,b37fd114,cd7f1687,f0188a48,fcfcc902",2982602.7504104995,2995455.5020859656,1081724.2336568628,1094422.8523975331
native_overlap_1_cluster_0016,native_overlap_1_cluster_0016,19,"0849b4e2,12203f2a,29de15c8,2b06ad65,347242c8,3ef98781,4c3168cf,52f1e77a,62569ae3,653612bc,660d9546,69e41fa6,95b559e7,a0e92ed6,d5df0ff5,e2fc7745,e32da4ec,e4726608,fde20ecf",3011032.9553164677,3025054.6041792734,1115969.5445402542,1119372.581763685
native_overlap_1_cluster_0017,native_overlap_1_cluster_0017,19,"357c12f9,35b3ef6a,54753541,8902c3f6,8b95d6d1,8c167025,94467f50,a2e8e7f6,a76db406,a783cc24,b04b58a3,b7fea9ef,b8c49c1a,c03b9305,da3cf798,e25f1537,ef04658e,efe96181,fc0d20b2",2932977.6776940525,2947228.1705006873,1062088.851642063,1075212.8843463522
native_overlap_1_cluster_0018,native_overlap_1_cluster_0018,17,"1a68190b,1d78281a,1fdbba44,3a223519,46d24a09,71642c7d,73348914,9ae248be,9f0c7bae,a3f71395,a6b8ac67,ae35f33a,bd8f847e,c03d4aed,e03b45fd,eeda36f5,ffefef30",2944824.252465708,2950013.7898292057,1012193.800149488,1017965.589586805
native_overlap_1_cluster_0019,native_overlap_1_cluster_0019,16,"38991fd4,463c38f2,511e1db0,55efee7f,57796579,591cc951,9efc812e,ab94878e,ae069086,c6b782a4,c9e6734f,ce8399b7,cf50c9d1,d0a43760,d41beaf2,ff8bb73a",2933372.554574908,2943259.423747727,1056701.8320929874,1062260.247192788
native_overlap_1_cluster_0020,native_overlap_1_cluster_0020,15,"0c1b160c,198a5607,46a301e9,54a7e3c2,633774dc,9298ad5b,96b7eea1,9b5b61c1,a4f989c2,a612d5a0,a9c9b150,b0d42b0d,d011f41b,dd6bc5b2,f631da6e",2969507.021003512,2985472.794656149,1092683.5475886222,1110379.0364778577
native_overlap_1_cluster_0021,native_overlap_1_cluster_0021,15,"15e154a1,2364716c,28473855,2c0c4a4e,35b30c7f,684a6fc1,7271dd80,a15bc102,a7fc3e6b,bcebcc5f,e0079ed1,e3b34f5b,ea3a0e38,f6bc699b,fb0904bd",2951549.6174835404,2962700.579294554,1071579.5975446836,1085776.1737841563
native_overlap_1_cluster_0022,native_overlap_1_cluster_0022,14,"000d7d20,00e12e8b,01869cd4,1295a25b,1d3fbf02,2ddad940,389ae58f,42669188,8cc21f01,a056d01e,e5ff9fd2,ee4aecac,f8662c22,ff0aea78",2965365.1624153084,2983810.916121377,1058295.8781586466,1071417.6734293238
native_overlap_1_cluster_0023,native_overlap_1_cluster_0023,13,"0390d174,1b1c5372,1b82b665,1e30dedf,2fd68f7b,48c1f673,5bd25f59,65a5466a,76201745,944f36b9,9a6b0392,ae8959c3,c472c0b5",2995568.970473151,3000841.1216538395,1125120.704571525,1129523.1378525475
native_overlap_1_cluster_0024,native_overlap_1_cluster_0024,13,"05948241,10be2420,122bd617,398dce4b,404c4384,74b6186b,81fc01c6,8b5be31b,97cd5bf9,9af1ffd0,9d3ec64c,c03fba65,dd64382d",2951385.3176677623,2960527.729267946,1080435.7863013975,1092442.82340095
native_overlap_1_cluster_0025,native_overlap_1_cluster_0025,13,"1285a37b,137d1e44,173ed841,19fb4f7b,204cc64b,26d3a96a,27300fd5,5f75f796,67a8da4a,70925e23,94d813a4,ccedb12b,d9d6d94d",3014614.9766598986,3024090.939546591,1078140.9107569354,1084666.290929561
native_overlap_1_cluster_0026,native_overlap_1_cluster_0026,13,"1bcb2fcf,2e63d9de,3e678ea7,46a7190b,46dfcfca,58850d2c,8c8348e8,ac6f01d5,be35c8f2,d07aed8f,e201fd6d,e46f4ef4,ee0300f7",3013901.892736211,3026360.77493641,1089961.3165947131,1097849.2579211532
native_overlap_1_cluster_0027,native_overlap_1_cluster_0027,11,"060ab2b8,11d0f5ac,44a94013,5305524b,91abc4c7,9d5e14d4,c42fe306,dc7da28f,e737965a,ec0d597b,fb3848a1",2888398.1075654374,2898838.321125612,1025408.807621405,1030650.3421135158
native_overlap_1_cluster_0028,native_overlap_1_cluster_0028,11,"1b08ed48,32fe84c9,46d41ff6,96ae5806,ae0784a8,b7974e66,c593337f,c9fedcf3,eb934281,ef8e3ed0,f07d7037",2984629.2919674125,2995097.7098777695,1067430.0806481678,1073610.4176706928
native_overlap_1_cluster_0029,native_overlap_1_cluster_0029,10,"02e7fe5a,10b89021,3417285d,6ae68655,7993a768,bc4381e2,ecdab904,f021b650,f49fdea3,f88ddb26",2980480.214397008,2989959.933347092,1053467.004076647,1062036.7854533023
native_overlap_1_cluster_0030,native_overlap_1_cluster_0030,8,"06df5958,1131525f,14ab73fb,368fe682,42c538a1,8a9c8932,af7a59ce,eba6605e",2900089.5521327197,2909031.1614195686,1018956.2936527368,1028569.2561518056
native_overlap_1_cluster_0031,native_overlap_1_cluster_0031,8,"2b034622,577eec7c,87695469,974802e7,9c211c53,a85e4bc3,ab6fe95d,c84c65be",2857752.32583782,2874866.951026116,1039789.5296846335,1049061.5096205394
native_overlap_1_cluster_0032,native_overlap_1_cluster_0032,8,"2fa01aa6,7a5660b0,a6f967fb,c07fd0cd,c3957531,d4f60a28,e5864244,febb4411",3019291.220932828,3035606.5627972144,1085308.5833753105,1093403.3825170642
native_overlap_1_cluster_0033,native_overlap_1_cluster_0033,8,"59f8b2e8,5a63b5d1,6d6d93af,7e721392,84c3b497,9a95e33f,b3388334,fb03ae90",2885760.390059043,2902130.3667144165,1010589.0550897473,1011485.5626333628
native_overlap_1_cluster_0034,native_overlap_1_cluster_0034,7,"03a935ae,1b1eba53,4c2208f5,727a3a10,81bf5923,a8ed028a,d7eb0be8",3034436.7911223723,3035617.765259947,1088709.86341309,1098987.8206013183
native_overlap_1_cluster_0035,native_overlap_1_cluster_0035,7,"27c3155b,493b5b31,57f05c51,7850c72e,98177ced,cad13e8f,cb34231f",3035360.4865165534,3036410.50739947,1093134.1874811137,1093675.289294443
native_overlap_1_cluster_0036,native_overlap_1_cluster_0036,7,"2d179ded,374be387,6e9ccd38,70e1788b,7ff89f8f,bd2c2f34,d1457cc5",2867790.620279526,2872825.346799681,1027803.0477448788,1029889.6170166044
native_overlap_1_cluster_0037,native_overlap_1_cluster_0037,6,"5d11dfb5,61f27424,7224331b,82aab6d2,9dede370,c43812e2",2980062.1307744873,2983250.3679637928,1055263.6268409067,1055861.3093610327
native_overlap_1_cluster_0038,native_overlap_1_cluster_0038,3,"1beca81d,5aa03df7,c1708b88",2977682.760819549,2981930.383162062,1082950.8235741195,1089082.5762885045
native_overlap_1_cluster_0039,native_overlap_1_cluster_0039,2,"071d7b45,4463446c",2945536.7787627056,2946442.0727574504,1072618.9053140203,1079179.6511144054
native_overlap_1_cluster_0040,native_overlap_1_cluster_0040,2,"89f1085d,aed44918",3001272.958696525,3001505.12830198,1066111.4913965655,1067550.935480099
native_overlap_1_cluster_0041,native_overlap_1_cluster_0041,2,"d00e7eb9,d90aa14c",2886886.2704159524,2892150.317682017,1032070.2276642534,1037884.6721579826
