episode_id,well,decoder_rows,posterior_mean_error_recomputed_ft,marginal_map_mean_error_ft,viterbi_mean_error_ft
b19b0395:000,b19b0395,4562,61.29535423060045,60.400565541587156,-5.508377904338082
8a3da6d1:000,8a3da6d1,2805,-54.334477540107095,-53.72250623879978,-61.32867379674
8d5d46d7:000,8d5d46d7,5348,-57.31977206432325,-58.60424831707063,-13.473489154719921
91db7070:002,91db7070,3200,-50.76945953125014,-51.33175624990522,-42.49841249989594
f6d009f4:001,f6d009f4,1703,-48.64156694069299,-50.01874926588322,-43.87371109793856
fc0d20b2:000,fc0d20b2,2605,-46.77496468330148,-48.6186026870959,11.417347408935976
97cd5bf9:000,97cd5bf9,2368,-44.46002132601367,-46.853771114803756,-8.491967905305177
91b301ce:000,91b301ce,5025,42.538698507462534,42.43206965186743,8.817791044867375
708caea9:000,708caea9,6242,-47.472975969240764,-47.377689842908005,-28.78647709056512
c9578d27:000,c9578d27,3012,-46.339353253652206,-44.559047144688606,-5.120600929507172
b4d8dd4f:000,b4d8dd4f,1339,-42.80310679611669,-42.64474234494975,-26.806915608563294
fa31da94:000,fa31da94,4042,42.880372835229956,46.9807817913413,0.04432706590877716
bb682ebd:000,bb682ebd,3809,-40.76593410343937,-41.03165660270252,-19.20815962184388
a4f989c2:000,a4f989c2,938,39.39949200426458,39.564285714424734,46.750106609955225
f0188a48:001,f0188a48,2219,39.56677377196924,42.64703920699725,-1.6237809823240243
084d66f9:000,084d66f9,713,36.24009957924244,39.20213183744733,6.683057503612823
4caa7289:000,4caa7289,5099,-36.9613700725634,-42.30728378106539,-11.211853304470203
4c2208f5:000,4c2208f5,4913,-37.797379299816946,-37.961231426723074,-41.64773661703841
811f52b3:000,811f52b3,3195,-38.120273552425786,-38.14667918616181,6.592851330315499
f6d009f4:000,f6d009f4,2585,-37.2161352030949,-38.4133423596494,-32.24075048343477
d0cb63ae:000,d0cb63ae,2269,-36.53495879241973,-36.850546496202476,14.77977523148335
93f5d2e6:000,93f5d2e6,1483,34.418596089008595,35.94356035075201,27.74062710731832
a9c9b150:000,a9c9b150,3582,-36.58849232272486,-39.96412618642649,0.1905080961392916
a3f71395:000,a3f71395,2764,-36.94839417510869,-50.808422575928475,3.5100832128400627
ebe69318:000,ebe69318,3943,32.40380484402726,33.77454729914978,4.546573674975382
f2d4c8c9:000,f2d4c8c9,1682,-35.41985107015472,-36.80462544582653,0.46642092757720827
c66be2b8:001,c66be2b8,1192,-34.640086409396126,-37.03768456372883,32.598515100772765
52f1e77a:000,52f1e77a,3113,33.86123289431401,34.02578541614746,-8.17985223246661
3407f5bf:000,3407f5bf,1685,29.314112759643752,30.110534124736375,30.222700296843392
1b1c5372:000,1b1c5372,2159,33.22281936081506,36.91828624375024,27.148925428548317
729665c0:001,729665c0,3249,33.64962896275761,34.92030470928697,-7.409335179953653
113011eb:000,113011eb,1866,33.952270632368574,33.6683011791285,2.454340836116462
ab112491:000,ab112491,4275,-33.562433567251624,-29.115047953112747,-29.35010058469172
807f0298:001,807f0298,735,-32.62064489795934,-25.869768707391984,-12.908340135948459
b8c49c1a:000,b8c49c1a,3269,-32.932699602324995,-33.63620679099699,-3.0986264911794152
a6b8ac67:000,a6b8ac67,4916,-32.08767809194483,-32.80994507722145,-4.219231082073947
ad2133a8:001,ad2133a8,1010,-32.05088267326744,-32.5804455444921,4.02712871297178
c1d046f4:000,c1d046f4,1526,32.41020150720823,46.615111402511,9.569927916234343
47222616:001,47222616,2066,-32.72557938044545,-32.916844143184434,-24.03334946747512
d2f3b1ab:000,d2f3b1ab,1835,31.604539509536664,31.912130790321168,3.588452316176017
e7818f7a:001,e7818f7a,3595,31.6583386648121,31.93732962461285,1.0351043116460636
9896fc0b:001,9896fc0b,1050,30.661564761904668,35.6910761905905,26.01407619058009
939d9c34:002,939d9c34,472,-31.02390042372899,-26.837012711774403,-17.676207627019423
e730c32b:000,e730c32b,4001,-31.237762184454027,-31.164991252101192,-14.344521369553547
55efee7f:001,55efee7f,1103,-30.858316863100807,-31.097388939177968,-9.666473254659294
368131f9:001,368131f9,2964,-30.88599139676128,-30.249385964814167,-24.7074831308001
4c3df468:000,4c3df468,3413,29.15204321711092,31.036624670537062,-28.432200410098993
028d7b28:000,028d7b28,4839,29.297103223806428,29.872300062127923,-10.369960735598863
a2e8e7f6:000,a2e8e7f6,2550,-30.700953921568757,-26.29186274501526,-5.8780784312685155
54753541:000,54753541,2024,-27.619927371541618,-27.753310276593837,-10.12309782598308
353e5502:000,353e5502,4309,-31.032109886284704,-31.39745184490226,1.842638663371172
529e88ca:000,529e88ca,2099,-29.733632444021094,-25.186927108050703,-19.991786564931658
1e30dedf:000,1e30dedf,634,-28.462216876971734,-30.117839116657247,7.465205047417848
8612b37f:001,8612b37f,2439,-29.357793152931684,-29.54893808928098,-25.971303812934813
9c350a6a:000,9c350a6a,4394,28.348977924442273,29.310302685634948,-18.966995903401173
2e63d9de:000,2e63d9de,3428,28.6530972870477,29.313404317510916,-0.24822053666192795
c8d9680c:000,c8d9680c,5026,-29.74711659371283,-26.994050935012297,-47.22246319130071
89f1085d:001,89f1085d,4016,-29.009676045816878,-28.554967629435982,28.97340637460751
14fee784:000,14fee784,965,-29.097588082901684,-28.638932642400317,-11.569450777097769
726f3dc2:000,726f3dc2,4707,-28.787599001487326,-30.235827490899815,-1.9706692159610928
bf70b410:000,bf70b410,1924,28.941297557172412,34.7856600832661,35.288284823393376
e3b34f5b:000,e3b34f5b,3214,28.386506845052775,28.278830118354772,9.072280647270452
2043abc5:000,2043abc5,6666,-27.959216171617303,-33.000022502162714,-19.506750674966508
7256229b:000,7256229b,3070,27.968781433224617,30.13897068417537,-4.711566775144235
137d1e44:000,137d1e44,2544,-28.090455778302026,-27.85973663511161,-36.74593946530949
b977be4a:000,b977be4a,3677,28.046334375849753,39.44710905642716,16.00881697046261
fc03f21f:000,fc03f21f,4072,27.222989808447778,27.399476915640786,11.695031925447557
ee0300f7:000,ee0300f7,4266,-27.48812365213329,-27.697808251187624,-27.633239568581832
84c3b497:000,84c3b497,2633,25.456700341815274,25.396296999746212,34.864242309288635
9ad5410a:000,9ad5410a,1533,-27.577977495107707,-27.75993476834989,-3.0010306587352384
bb337fa0:001,bb337fa0,779,-26.553706033376187,-19.274916559576113,-29.53903722710963
543198e8:000,543198e8,2139,-26.40447709209926,-27.10025245431419,-26.56289855062062
5fb1c15f:000,5fb1c15f,2426,-27.0674841302557,-27.342126957858248,-20.061665292558033
53134831:000,53134831,4896,26.620673508986787,25.963335375931756,15.629828431476357
d1457cc5:000,d1457cc5,5333,-26.611746296643656,-27.089208700464162,-7.77712357012335
81fc01c6:002,81fc01c6,776,-26.363041237113627,-26.539342783394954,-32.383350515359666
276b012a:000,276b012a,2012,-24.185407306163192,-25.05665009929098,-27.730357852772766
c1708b88:000,c1708b88,4195,26.555112514898546,26.30889868902546,22.751747318343217
2d35f86d:000,2d35f86d,2531,-26.16970900829726,-26.63528249695112,-7.151718688159097
122bd617:000,122bd617,2076,-25.607104527938496,-19.326791907425093,-4.956054913190528
1b6ba517:000,1b6ba517,1023,-24.353062561094966,-22.311994134822818,7.382922776253227
877ed19c:000,877ed19c,2582,26.12763148721906,28.154024012523198,1.8113051898787147
43b06c70:001,43b06c70,3683,-24.132794868313983,-25.001927776184075,-8.67014661950159
ef8e3ed0:000,ef8e3ed0,2620,25.473367175572424,30.668797710042877,6.469236641316973
1550491d:000,1550491d,2092,24.726703871892788,25.324933078502156,28.312480879652348
8c167025:001,8c167025,2849,-25.01353861003875,-24.62518427508943,-16.146314496210866
e2fc7745:000,e2fc7745,1507,25.298699734571834,26.010092899934538,0.336536164671837
5cdd8dbc:000,5cdd8dbc,1163,-23.496917454858302,-23.260722269882365,-28.536904557075598
d463e527:000,d463e527,3166,-25.086358496525765,-25.02122236251694,-11.954924194468019
4a335117:000,4a335117,3270,-24.024719877675984,-24.059596330170038,-26.394214067175138
197f8a5a:000,197f8a5a,1415,-23.821390106007232,-24.14167491154895,-33.623088339120805
11d0f5ac:000,11d0f5ac,3537,-24.532942182640788,-24.541224201195035,-24.24931014973879
df8290be:000,df8290be,3014,-24.224092568016065,-37.94021897802636,-7.8568248174110185
974802e7:001,974802e7,2496,-22.3181662660258,-31.768693910175934,-13.161201922977101
173ed841:000,173ed841,3558,-23.901991849353703,-23.842731871739158,-18.917549184831312
b0d42b0d:000,b0d42b0d,4453,-23.469155737705076,-23.400184145420138,-21.210267235467118
f5859199:001,f5859199,5025,-23.183942686567335,-12.518425870538959,-17.654057711340485
940e709a:000,940e709a,3139,-23.422680630774238,-27.21570563866034,-1.9308537749836072
81bf5923:003,81bf5923,1745,23.13172865329498,15.43934670494382,51.303816619021084
aed44918:000,aed44918,2196,-23.09698474499098,-22.20995446256815,-7.499116575484101
a79fd2e7:001,a79fd2e7,663,-22.517304675716574,-23.07209653084849,8.490723982004429
e03b45fd:000,e03b45fd,1070,-22.69745514018704,-22.730803738228254,-7.206177569987942
df73b8f3:000,df73b8f3,936,22.48689423076912,23.313311965905942,31.098568376170466
abf460d2:000,abf460d2,2275,-22.70189934065949,-22.622945054854657,-8.404021977917608
7224331b:004,7224331b,2459,22.33297214314746,25.10367629130389,0.5857421717175858
493b5b31:001,493b5b31,1601,-21.842382573391795,-22.782429731307975,-11.619594003626602
1770d7c6:000,1770d7c6,1317,-22.058552771450433,-22.67208048587872,10.082551252955513
f40cd091:001,f40cd091,1569,-22.45247578075223,-11.648221797223627,-8.70835564043186
ff8bb73a:000,ff8bb73a,4039,21.72808653131949,21.790242634436563,0.8069670711567257
dd6bc5b2:000,dd6bc5b2,1737,22.08535204375348,18.804812895935132,-15.911076568695329
d9ae59b2:001,d9ae59b2,1115,20.946552017937073,22.106448430612648,5.671515695169341
7b38844c:000,7b38844c,2721,22.118509739066372,21.90329658226162,-6.5869092244563925
aee6393a:000,aee6393a,5155,21.644463724539165,24.67459747830965,-6.664422890298534
8f201368:000,8f201368,2818,-21.203392122072547,-21.193853796901806,-33.33977288846944
37344c2a:001,37344c2a,1624,-21.085944581280938,-26.94778325113416,-20.846921182162323
a612d5a0:000,a612d5a0,2725,-21.85464568807353,-22.446891743015144,-24.83703853200833
d085e611:000,d085e611,894,21.303059284116227,24.295234899451902,6.753736018002632
f9fc81aa:000,f9fc81aa,2079,21.610778739778603,21.686642616758817,10.221491101594465
b95e7121:002,b95e7121,2263,21.675342465753303,29.322381794214003,-1.0434821032985195
add9c322:000,add9c322,3717,21.146914447134638,21.38500403562685,11.836228141076859
c3957531:000,c3957531,947,-20.94627771911314,-21.691900739080015,-6.517349524703193
3e678ea7:001,3e678ea7,3719,21.088287039526566,23.3984727078507,-6.016585103419449
4cecf7b3:002,4cecf7b3,2754,19.616873456789996,20.723983297141135,5.640559186740667
197f8a5a:001,197f8a5a,3289,-20.96700577683201,-22.62545150490932,-28.106053511604117
a7fc3e6b:000,a7fc3e6b,899,20.864290878753984,38.121846496258826,-0.752291434816085
edf885a3:000,edf885a3,1117,20.84391584601596,20.9989794092586,-5.9309668754604505
d543916f:000,d543916f,1919,-20.580069306930806,-17.590338717980867,-13.918530484523592
6d1d74e1:001,6d1d74e1,1124,20.949636120996225,19.43278469761089,21.253158363092712
d6c320d9:000,d6c320d9,4064,20.85341067913368,21.396921752105172,3.118895177282968
a6ed2eff:000,a6ed2eff,740,-20.804910135135305,-18.170135135033856,-19.199324324224065
8995c945:003,8995c945,296,-19.92385641891904,-20.08368243232614,-19.119999999892645
699ea575:000,699ea575,1894,-20.48395881731801,-22.67840021109852,-13.319688489863891
543198e8:001,543198e8,1139,-20.123809920983476,-19.812853380062055,-12.000386303670975
27300fd5:000,27300fd5,647,19.80429829984531,19.945115919765318,22.10732612069492
62569ae3:000,62569ae3,1670,20.18662934131721,21.099053892330772,11.09135928154043
c07fd0cd:000,c07fd0cd,2729,19.912248625870124,20.11964822291589,-0.08929278113385682
09053135:000,09053135,2792,-20.38964971346719,-21.803699856636225,-18.036060171820118
9df1b1f9:000,9df1b1f9,3870,-20.358587596899383,-20.478509043832553,-10.851519379740584
fa667be2:000,fa667be2,1211,-20.179811312964606,-20.852848885155208,12.125474814301437
8bb9c1e6:000,8bb9c1e6,2939,-20.0715855733244,-24.193569241164845,6.780775774178737
389ae58f:001,389ae58f,447,19.870175615212343,26.802125279830758,-48.16051454127603
9def2eb2:000,9def2eb2,1265,19.52795415019747,19.543019762963386,-2.059865612552174
c03b9305:001,c03b9305,805,-19.521178260869746,-22.430857142763852,-12.37129192536114
109d9d70:000,109d9d70,2679,-20.030939156401768,-20.95771183268148,-11.39823068298786
73348914:000,73348914,3495,19.74362618025735,19.716148784112047,-9.171619456262231
2d196986:000,2d196986,1835,-19.678156403269927,-21.66069754760499,-11.989825612990034
38991fd4:000,38991fd4,4360,19.51307545871546,20.201052752403736,13.069883027627201
fef8af96:000,fef8af96,530,19.398116037735726,27.526018867973562,84.05696226425873
5aef5c6c:001,5aef5c6c,181,19.25981767955789,16.493149171369044,21.288729281871166
01869cd4:001,01869cd4,477,19.525186582809127,18.65360587015015,-9.672914046021864
7ff89f8f:000,7ff89f8f,3695,-19.47298876860638,-22.233851150103842,-26.045109607482342
9def2eb2:001,9def2eb2,1879,19.10272112825956,20.41784459831737,-9.732820649185907
93209a3d:002,93209a3d,2221,-19.585461278703413,-20.953930661767327,-12.703638000796316
ab3ced07:001,ab3ced07,1244,19.477168810289225,19.849702572454266,16.722210611036484
653612bc:000,653612bc,4035,-19.505479058240553,-20.617543990002297,-5.007197025922493
4cd1ac61:001,4cd1ac61,1413,-19.520865888181365,-19.674225052980102,-17.83579617824385
e0079ed1:000,e0079ed1,1720,18.864385174418448,20.56338372105986,-3.5467325580350315
c42fe306:000,c42fe306,981,-19.322724260958374,-17.622691131390518,-22.75317023435169
efde6ac3:000,efde6ac3,952,18.770265231092264,17.631250000104107,19.52095588245879
09441b8d:001,09441b8d,1851,-19.25828254997312,-19.39054565092323,3.214802809392051
5f75f796:001,5f75f796,1260,-18.66710595238112,-17.061769841168406,-17.139825396723893
4b831d20:000,4b831d20,1218,-18.115720443349893,-19.389195402245296,31.907068965625143
b32902c0:000,b32902c0,1673,-18.418235206216487,-14.803197848083858,-7.3101016137681
1d3fbf02:000,1d3fbf02,2078,18.744692974013336,19.94707410984137,2.327656400486857
84633df4:000,84633df4,3327,-19.059174631800605,-19.20467688599679,-2.0441568980029827
3932faa6:000,3932faa6,1021,-19.11258325171411,-19.41636630746334,-2.466904995007365
1b1eba53:000,1b1eba53,4263,-18.63004046446179,-15.943483462190036,-64.33543748522848
ecdab904:000,ecdab904,5684,-18.297014602392824,-18.28453905690152,-23.283061224394196
2bff06cf:001,2bff06cf,3298,-18.907794875682395,-18.721925409222973,-31.96185870214002
77b0d905:000,77b0d905,4030,-18.95860223325079,-18.989456575585386,-12.315746898158928
3a824aa7:000,3a824aa7,2084,-18.750448896353298,-23.9714539346603,-2.675364683197526
8cc21f01:001,8cc21f01,900,18.418625555555398,19.380355555677564,0.6382444445476196
f8662c22:001,f8662c22,1981,-18.523861181221736,-19.440893488034835,-19.684533064007066
fb73b13a:000,fb73b13a,1039,-18.695495187680592,-18.57766121260438,-10.07896053887114
1fee2b62:000,1fee2b62,2532,-18.79855015797804,-19.48015797779104,-6.62456951016379
1d78281a:000,1d78281a,2175,-18.325086896551845,-18.356786206793352,-13.80485517230605
eafb863e:000,eafb863e,263,-18.21137072243355,-19.45596958163719,-28.01699619761552
75c20ec7:002,75c20ec7,1769,-18.338978801582982,-19.605031090916384,-11.672752967674862
48c1f673:000,48c1f673,2200,-18.591994772727446,-18.9755954544392,-21.825390908987067
684a6fc1:001,684a6fc1,844,18.416270142179926,15.173684834249341,-2.248767772402889
e0f36d98:000,e0f36d98,2938,17.891576923076784,18.76375765840159,-9.34500680725205
d7eb0be8:000,d7eb0be8,1998,-18.217056056056173,-17.80058058044739,-44.15551051040636
d1ee630d:000,d1ee630d,2080,18.333957451922938,15.68525480782251,-8.269384615279204
4ed93db6:000,4ed93db6,3574,-18.0750649132626,-17.56561275873749,9.551063234574995
a85e4bc3:000,a85e4bc3,963,-18.000890965732207,-18.749657320787183,2.7591692628278772
1fdbba44:002,1fdbba44,2321,-17.931507324429287,-0.9236148210882162,-0.21094786718821257
9d4272e3:001,9d4272e3,2307,-17.357372778500352,-20.107936714245398,-19.287325530889223
55efee7f:000,55efee7f,1551,17.868052869116532,18.687672469456903,35.58177304974558
d217e0c5:000,d217e0c5,2925,17.670047179487014,17.835941880460844,5.240728205234281
67a8da4a:000,67a8da4a,952,-17.278866596638807,-17.931060924273986,-11.784002100738604
57f05c51:001,57f05c51,765,-17.55042352941194,-18.19871895410039,-18.147934640374846
1a68190b:000,1a68190b,2155,-17.358773549884102,-17.299670533534645,-23.955030162312045
521a7819:000,521a7819,828,-17.635663647343176,-17.576449275299176,20.486896135368784
5aa403d0:000,5aa403d0,2232,-17.287689292114827,-16.0759229389519,-24.82090501781348
8478df29:001,8478df29,1084,-17.16835009225104,-18.09681734310232,11.784271217816379
46d41ff6:000,46d41ff6,871,17.614959816302985,17.56000000013104,-8.437244546394165
7987f2f2:000,7987f2f2,888,17.22178322072062,17.042511261359582,20.598479729831908
c6797dd7:000,c6797dd7,2272,17.56912345950692,27.382579225482118,5.024634683206282
861e71df:000,861e71df,2290,17.576776200873173,16.97070305687329,16.808847161675985
9dede370:001,9dede370,1004,-17.388709163346775,-17.60793824689491,-30.947679282764934
633774dc:000,633774dc,258,-17.31093992248081,-23.791007751831643,-26.544883720826544
cbe62450:001,cbe62450,3015,-17.141709452736475,-17.20492868977908,-23.22086567154218
57f05c51:002,57f05c51,317,16.973077287066126,21.233596214665344,14.33406940077812
4a8ecc0b:000,4a8ecc0b,2114,-17.36048320719031,-17.351669820154168,-16.386106906246464
75c20ec7:001,75c20ec7,1500,-17.325899000000177,-18.091213333235306,-12.187646666563047
9283ae69:000,9283ae69,1829,-17.37581738655016,-17.46999999990654,-8.279294696452132
49dbc14c:000,49dbc14c,3439,17.388013375981274,16.66632160523392,4.891706891642264
65a5466a:000,65a5466a,1593,-16.90761487758962,-20.548644067695516,-21.157463904482842
6767c111:000,6767c111,451,-17.09438470066536,-16.701640798102588,-39.928913525399274
9dede370:003,9dede370,872,-16.51097419724787,-16.424839449433428,-20.96761467879548
a692b17e:000,a692b17e,903,-16.859876522702198,-15.40624584706829,-18.80779623466876
cbe51de1:000,cbe51de1,999,-17.07529679679692,-17.092782782670135,-29.784574574475297
1b82b665:000,1b82b665,2028,-16.94539891518753,-19.972667652773104,-3.555803747430629
3bfee975:000,3bfee975,1047,-17.001223495702167,-20.05808022913266,-9.08773638958143
ecdaf714:000,ecdaf714,981,-17.017843527013405,-16.93038735973215,-19.66331294587148
656a067b:000,656a067b,357,-16.78217787114862,-15.611092436887004,1.6869467788171433
1bcb2fcf:000,1bcb2fcf,590,-16.065937288135746,-11.616220338887809,-5.453847457527701
febb4411:001,febb4411,999,16.190714214214058,16.065115115214883,17.875725725829476
29de15c8:000,29de15c8,1327,16.737365109268872,16.606940467333594,15.34936699333005
201661b5:000,201661b5,555,16.59054594594585,16.66027027037337,11.769729729825563
5567d551:001,5567d551,1682,-16.08182015457802,-17.382390011805004,0.4101783592009026
d924e971:000,d924e971,1474,16.351521031207465,16.466675712480235,-10.941838534495583
4f4afcc6:001,4f4afcc6,1357,16.46064038319811,16.63458364049647,8.15204863680284
02e7fe5a:000,02e7fe5a,652,-16.350089723926477,-21.10723926370597,-13.304708588851367
200d233d:000,200d233d,497,16.574812877263476,16.59038229389267,-14.042012072335838
67847288:002,67847288,2512,-16.308151273885496,-20.92763535024577,11.028813694372811
2bff06cf:000,2bff06cf,1069,-16.129057530402363,-13.556304957777364,-36.332825070055534
a6f967fb:000,a6f967fb,2694,-16.235448218262903,-17.945408314697687,3.745497401731686
54a7e3c2:001,54a7e3c2,799,-16.427244055068964,-16.82913642042249,-16.97675844795651
5fffa282:000,5fffa282,3299,16.32204228554093,16.405380418424933,11.70197029414012
bd2c2f34:000,bd2c2f34,1035,-16.152970531401138,-16.42349758444195,-16.425188405697078
939d9c34:000,939d9c34,1447,-16.208191430546105,-16.51363510702366,-11.64314443666644
8648abae:000,8648abae,881,16.07077468785457,16.408887627822857,-0.43560726436242003
ae35f33a:000,ae35f33a,406,15.753173645320006,20.1619950740088,8.724064039513534
a056d01e:000,a056d01e,402,15.982757462686457,16.098930348356973,29.75850746279889
75c20ec7:000,75c20ec7,538,-15.740736059479726,-16.99947955380163,-15.559144981309187
ed6e6e54:001,ed6e6e54,870,15.806436781609062,22.52364367828902,-7.571931034387673
b3388334:002,b3388334,890,-14.935725280899002,-14.542471910009807,-25.70786516844721
c59b6c4a:000,c59b6c4a,1413,15.831657820240512,18.625668789897965,34.747714083616025
81fc01c6:000,81fc01c6,364,-15.59584752747265,-16.207280219676,-17.51497252736838
8b5be31b:000,8b5be31b,1106,-15.66815189873438,-17.009538878753812,3.0591320073429418
10a1281a:000,10a1281a,3087,-15.494479429867331,-15.563132491000228,1.2638516360011314
fdfd57da:000,fdfd57da,2983,15.666259302715284,18.84245725792411,-11.126366074323256
f08774c3:000,f08774c3,261,-15.525218390804689,-15.339118773839786,-14.778582375371242
fb0904bd:000,fb0904bd,2907,15.616291365668923,15.001723426331141,-0.3957481939108702
e4726608:000,e4726608,549,-15.509281420765186,-15.808998178413933,-6.575118396983395
beda8696:000,beda8696,1155,-15.408555411255577,-12.253385281278232,-14.725506493401939
d90aa14c:001,d90aa14c,1164,-15.61855970790396,-16.0592353950991,2.588788659902484
8cc21f01:000,8cc21f01,1298,15.48104969183344,16.16462249625846,8.572480739703796
d90aa14c:000,d90aa14c,1339,15.337093353248562,16.149932785786657,0.20127707255058264
729665c0:000,729665c0,619,15.526936187398881,17.009886914492142,5.076526655998528
125be846:000,125be846,957,15.494258098223488,15.409540229980077,20.817168234164814
8b12bab6:001,8b12bab6,1201,-15.50963405495428,-18.16906744368507,-25.20403830131146
12203f2a:000,12203f2a,210,-15.545097619047764,-13.66814285705868,0.26185714295616414
e32da4ec:000,e32da4ec,1752,15.419975171232734,15.639132420212222,-2.9268493149673596
e46f4ef4:001,e46f4ef4,1176,15.172593537414807,17.304166666782827,5.033333333437966
5beded95:000,5beded95,1641,15.08679677026192,19.57282145044025,17.927117611316078
6d590e26:000,6d590e26,3141,15.257455428207415,14.392524673783699,5.9247755492923275
4121c517:000,4121c517,238,-15.357638655462331,-17.0927310923395,-7.479495798211705
995ff498:000,995ff498,514,15.204118677042663,17.175836575980608,16.95589494173757
f6824bb0:000,f6824bb0,849,-15.37442579505315,-15.887326266132131,22.18393404015006
57f05c51:000,57f05c51,1915,15.313460313315801,13.245425587604311,22.599472585003614
a79fd2e7:000,a79fd2e7,808,15.251324876237444,17.405284653569655,17.318650990203235
fae0c593:000,fae0c593,1321,15.159133232399519,15.470204390716313,21.973951551964035
9ae248be:000,9ae248be,4154,-14.666153225806582,-22.985965334541522,1.645389985657337
833af382:001,833af382,683,-15.208350658858118,-21.760058565074385,4.474568082097242
35b3ef6a:000,35b3ef6a,2356,15.020153225806272,14.633595076488614,26.947474533205895
e7d0c1de:000,e7d0c1de,546,15.210140109889972,14.949157509264555,13.87736263746823
5b7b6324:002,5b7b6324,272,-15.026406250000036,-9.44231617634172,-34.60371323519107
94467f50:000,94467f50,1083,-15.17662373037871,-14.12389658346854,-11.907553093161654
84c3b497:001,84c3b497,624,15.11915945512803,15.195256410386195,26.334118589884365
153552f5:000,153552f5,2383,-14.831110574905765,-20.09765002090233,4.87484263543815
1beca81d:003,1beca81d,167,15.050005988023825,16.4167065869437,3.269700598906148
059c8f24:000,059c8f24,293,-15.045462457338038,-17.551535836066233,-24.87286689409432
8f201368:001,8f201368,2282,-14.932986634531282,-21.72035933380076,-32.90563540743295
d84b621b:000,d84b621b,2035,15.04577542997529,18.924329238427287,27.43749877160641
833af382:000,833af382,824,-14.913549757281778,-15.590449029035833,-0.19129854358123746
d9d6d94d:001,d9d6d94d,220,-14.80627272727288,-14.530409090824701,-9.280409090821063
5f6756c5:000,5f6756c5,1445,-14.912968512110849,-15.31788927326718,-2.438131487785833
2b034622:001,2b034622,1139,-14.872920544337287,-19.922510974462103,-1.0249692711940561
177622d7:000,177622d7,262,-14.686891221374193,-10.610190839613027,11.740381679493598
98177ced:000,98177ced,1741,14.542475014359379,14.489350947845844,5.970137851915311
9da441ba:001,9da441ba,2466,14.647673763179103,15.681901865502812,-10.179635036388007
0dd99dc5:000,0dd99dc5,525,-14.764050476190588,-19.445561904677934,1.998438095344318
5397ceb1:000,5397ceb1,1257,-14.765746221161661,-14.607223548027239,-14.613070803397276
c47e0767:000,c47e0767,544,-14.545948529411914,-14.326874999880795,-34.56382352931323
aff4e561:000,aff4e561,1198,14.664492487479052,16.852963272248257,-12.62416527536128
33c40295:000,33c40295,1155,14.622865800865647,14.932000000110206,5.767151515251471
ae069086:000,ae069086,1100,-14.49319954545469,-14.504154545368822,-2.7419272726290167
e46f4ef4:003,e46f4ef4,243,14.425672839506085,16.7725514404434,6.165967078293978
4e050c92:001,4e050c92,996,14.333011546184585,12.34256024106807,13.19577309247329
eb640a35:000,eb640a35,1707,-14.493865553602964,-15.651159929597402,-22.440175746829038
12f0cd90:000,12f0cd90,1234,13.98349959481355,5.2581685576376875,4.97170178291994
82aab6d2:001,82aab6d2,569,14.370627416519989,11.411845342796905,25.256221441229368
6e6d122c:001,6e6d122c,251,14.330567729083448,14.504581673423425,2.965737051897488
015fe0d2:000,015fe0d2,858,14.42931468531457,15.451841491986338,-23.486270396167022
7a5660b0:000,7a5660b0,1576,14.192618020304431,14.074029187918551,14.822442893503396
6a0ff78e:000,6a0ff78e,611,-14.340436170212914,-16.601031096452914,-19.604959083362502
a8ed028a:000,a8ed028a,495,-14.242684848484968,-13.48919191906804,-30.72757575746968
0e5e560d:000,0e5e560d,2689,-14.153448121978597,-13.462554853004734,-10.845559687513022
46dfcfca:000,46dfcfca,258,-14.12046124031021,-14.820930232431477,-38.536821705325295
e9949a23:000,e9949a23,294,-14.18776020408184,-12.050578231179946,-19.50653061214169
591cc951:000,591cc951,1301,14.233989623366524,14.10847809387417,22.510630284505417
be063506:000,be063506,729,-14.274056241426761,-15.800013717337574,5.956639231930412
c70c0e01:000,c70c0e01,768,14.191109374999774,14.161119791767227,14.269127604265654
3b21ea64:003,3b21ea64,1857,13.984310446957306,15.149165320536527,-14.461739364470136
8902c3f6:000,8902c3f6,1007,-14.095145978153068,-18.743038728797508,-17.273177755607424
4cecf7b3:003,4cecf7b3,346,14.092747109826385,14.30190751455676,11.135722543455593
593876b6:000,593876b6,3057,-14.111277723258244,-14.371655217432073,-17.724190382629683
261785ee:000,261785ee,776,-14.13099033505168,-14.167680412297322,14.083994845463868
ab6fe95d:000,ab6fe95d,521,-13.961650671785135,-15.826967370342228,-11.606142034445323
e46f4ef4:002,e46f4ef4,883,14.113861834654447,15.221800679616315,4.453454133739974
fd8f77fa:003,fd8f77fa,288,14.08379687499986,12.187986111241603,-11.776076388783306
19fb4f7b:000,19fb4f7b,1005,14.098336815920247,13.885810945369348,13.631930348354308
ec13af42:001,ec13af42,1928,13.919360217842176,13.867821576879692,-1.9186670123486405
153552f5:001,153552f5,557,-14.01121184919224,-17.75005385989053,12.114937163479864
7e208414:000,7e208414,1152,14.058040364583201,14.11749131955411,4.8819878473221605
99529c45:000,99529c45,399,-14.045553884711847,-8.69345864653044,6.893383458750858
368131f9:000,368131f9,755,-13.87525033112601,-9.821748344263826,-12.458105960160813
94d813a4:001,94d813a4,1952,14.011968493852311,14.916255123018525,49.51658811485783
577eec7c:000,577eec7c,1945,-13.894132904884477,-14.885141388059532,-25.032622107865507
c84c65be:001,c84c65be,2764,-13.911102749638326,-14.037098408004097,-12.052836468782944
d60430e6:000,d60430e6,490,-13.89482653061241,-12.907408163172763,-1.406693877446697
493b5b31:000,493b5b31,624,-13.783670673077022,-14.575576922974964,3.2890064103764316
577eec7c:001,577eec7c,403,13.781610421836056,12.652779156442929,3.4676674938998864
26623a50:000,26623a50,2244,-13.475647950089273,-14.195815507950202,21.539901960892443
ab18d3fc:001,ab18d3fc,626,13.735519968050955,2.4192651758004358,23.235319488922137
5aef5c6c:000,5aef5c6c,614,-13.598865635179294,-13.260765472215413,-7.397980455922872
4ddde4c1:001,4ddde4c1,217,-13.626882488479353,-13.473410138152893,-13.295990783313998
c66be2b8:000,c66be2b8,747,-13.666206827309393,-13.575502007939155,-5.5854752341705245
b1efb8a4:000,b1efb8a4,1503,-13.603106453759299,-14.071909514198214,-17.56073186948956
70925e23:000,70925e23,1892,13.62357663847762,2.4229809725997953,32.842272727387886
5305524b:000,5305524b,291,13.472185567010213,13.477079037892143,35.05920962210733
96b7eea1:000,96b7eea1,575,-13.531346956521881,-13.650052173808717,-10.96753043467425
6dbe4b60:000,6dbe4b60,377,13.378458885941582,14.520928382082646,-1.9309283818608638
69c1bdad:000,69c1bdad,1334,-13.468542353823283,-13.440772113845204,-7.812698650570996
3e678ea7:000,3e678ea7,1057,-13.492661778618833,-12.676792809731854,-16.238382213709386
a5e6f7dc:000,a5e6f7dc,523,13.383652963670999,14.110076481940393,14.340956023049197
08fecf00:000,08fecf00,1658,13.390917671893671,15.664324487446418,9.632418576706772
206b6193:000,206b6193,2705,-13.31149168207041,-13.476402957434836,28.15677634020643
dd7d638e:000,dd7d638e,2103,13.351981930575182,14.695782215999815,-0.10340941501756486
89969c7a:000,89969c7a,822,-13.375479318734957,-11.291703162910274,-14.016763990163906
9d4272e3:000,9d4272e3,217,-13.253891705069238,-21.939032257960836,-22.25354838699342
00e12e8b:000,00e12e8b,933,-13.282504823151212,-13.231864951664733,-13.21685959260731
347242c8:000,347242c8,1699,13.223133313713793,14.027987051325564,1.4312831078175787
70925e23:001,70925e23,2702,13.162160066617233,13.345962250290599,23.431843079316682
5d11dfb5:000,5d11dfb5,419,-13.198982100238927,-11.459785202751648,-14.020047732587361
c99f9fae:000,c99f9fae,1237,12.977035974130777,12.917736459283118,8.770929668656585
e85074c5:000,e85074c5,361,13.161757617728297,14.780858725888324,-4.916094182717179
b85f7b06:002,b85f7b06,2151,13.17898628544851,13.21702463982461,-3.099549046851326
9d3ec64c:000,9d3ec64c,601,13.141668885191194,12.490565723895706,12.649550748853947
08fecf00:001,08fecf00,246,13.146388211382012,15.246341463528863,7.621747967585764
19871e7f:000,19871e7f,3461,-13.140733747472,-13.02891649803584,3.70160936155997
b0f53bf4:000,b0f53bf4,453,-13.132204194260696,-11.146754966795145,1.4965121413842326
1590af81:000,1590af81,971,-12.972371781668537,-4.625962924717231,2.0099794027870463
cd7f1687:000,cd7f1687,369,-13.095456639566514,-15.799972899640549,-2.3415718156136442
5542c301:000,5542c301,255,-13.072978431372722,-16.4754901959934,-0.3974509802902236
0dc835f3:002,0dc835f3,477,13.09973689727454,13.108825995911458,13.699496855449038
a622ce4d:000,a622ce4d,536,-13.05809981343299,-12.892910447641409,-26.56902985064005
cb879f40:001,cb879f40,730,13.014026027397145,14.898835616547236,7.558424657636039
f8662c22:000,f8662c22,477,-13.061285115304162,-12.12509433951118,-23.348574423380736
5a63b5d1:000,5a63b5d1,380,-12.981389473684354,-13.98568421044626,14.530105263267007
febb4411:002,febb4411,700,12.938443571428497,13.777228571530548,14.292228571532757
cbb406b5:000,cbb406b5,730,-12.893888356164542,-12.90278082180401,-24.42161643825421
fcfcc902:000,fcfcc902,252,12.95678373015863,13.796071428674695,13.573849206452277
c2c4db09:000,c2c4db09,533,12.92593808630376,14.157223264662472,-4.246341463310384
fb03ae90:000,fb03ae90,153,-12.916009803921684,-18.26111111106323,33.91176470598445
9dfff011:000,9dfff011,1390,-12.914892086331033,-13.920640287676735,-3.106143884788152
f8f59188:000,f8f59188,895,-12.925003910614647,-20.111329608842293,-13.764402234532508
ab6fe95d:001,ab6fe95d,782,-12.846859974424728,-15.049092071514702,-7.98732736562533
22c5f93f:000,22c5f93f,931,-12.8993399570356,-14.853512352216311,-3.3219334048376137
b7cdcecb:000,b7cdcecb,590,12.82796949152519,13.57871186453777,-6.8197627117543975
bb337fa0:000,bb337fa0,544,12.829475183823414,4.82836397070799,-9.603345588130722
e7818f7a:000,e7818f7a,326,12.781211656441565,12.172852760839255,10.757822085991325
9a95e33f:000,9a95e33f,146,-12.758356164383706,-11.605684931427003,-18.852602739654436
7b2c7b3c:000,7b2c7b3c,306,12.748535947712304,12.812124183122565,13.004281045867863
3a223519:000,3a223519,959,12.621484358706828,12.92396246099678,6.876152242013273
c9e980e8:000,c9e980e8,3858,-12.745859771902687,-16.011982892611123,10.80139191301577
15e154a1:001,15e154a1,462,-12.72280627705643,-5.6145670994386725,-24.3403246752148
19137a89:000,19137a89,1174,-12.741625212947335,-13.135349233282348,-13.315417376382758
ab18d3fc:000,ab18d3fc,467,-12.660783725910168,-12.983490363926892,-8.698051391759362
3690a146:000,3690a146,552,12.727731884057818,12.597608695757941,12.224782608801005
1beca81d:000,1beca81d,241,-12.694678423236716,-12.277676348452172,-5.489709543464762
764072a5:000,764072a5,1240,-12.635499596774364,-12.882717741835611,-9.151548386993014
9e3e364d:001,9e3e364d,889,12.651220472440778,12.74662542194145,0.2009561305892785
6e6d122c:000,6e6d122c,593,12.5840177065766,12.883827993368545,4.623709949515152
96936c22:000,96936c22,295,-12.620803389830616,-16.427220338884833,-8.838745762605722
2ddad940:000,2ddad940,1384,12.582019869942055,12.784002890281181,9.596322254438578
2be5c96a:001,2be5c96a,532,12.557713345864562,12.500357142972376,0.15956766927516391
2be5c96a:000,2be5c96a,647,12.536808346213226,12.550880989296019,0.19647604337896193
57796579:000,57796579,898,12.569572383073426,12.430501113701185,1.4249888642466157
67847288:001,67847288,1979,12.440265032844732,15.99398686215745,15.153916119355904
463c38f2:000,463c38f2,998,12.513531062124056,13.335080160429293,7.033677354812639
71642c7d:000,71642c7d,536,-12.477139925373217,-12.592817164066092,-17.279291044667747
77e4821c:000,77e4821c,336,12.478254464285648,20.32193452395604,-15.53952380941497
27c3155b:000,27c3155b,1330,12.487101503759233,18.128030075289587,21.799345864765655
f16e25e3:001,f16e25e3,1494,-12.403580655957285,-14.316144578225147,1.5317804552569116
c2717d4f:001,c2717d4f,249,-12.374979919678806,-11.748072289060508,-3.7472690762020777
5663b2b7:001,5663b2b7,416,-12.383078125000194,-12.873485576816567,-17.070961538359747
9ab94eeb:000,9ab94eeb,598,-12.37564715719082,-12.139882943045663,-9.568729096890696
a3518960:000,a3518960,316,-12.311784810126724,-12.321677215091013,-6.3661392404022745
5def1ce5:002,5def1ce5,1317,12.284832194380988,12.367243735876013,7.146742596918562
d4f60a28:001,d4f60a28,384,12.32175520833323,8.600651041766605,11.725130208437202
5f75f796:000,5f75f796,535,-12.317367289719723,-5.767757009236587,-12.789345794290995
516088b7:001,516088b7,523,12.293628107074484,12.443862332800393,10.359254302206292
9e3e364d:000,9e3e364d,1328,12.29354028614446,12.41682228927475,0.14758283143067916
09ec2ca9:000,09ec2ca9,2162,-12.223706290471906,-14.075744680759994,0.035309898348104364
0dc5e64d:000,0dc5e64d,486,-12.209359053498083,-10.719012345574646,-17.72765432089235
76201745:000,76201745,609,12.217912972085188,13.824367816193284,21.726091954132844
85380836:000,85380836,305,-12.193545901639467,-12.15990163923306,-15.043672131037535
807f0298:000,807f0298,250,12.197415999999851,14.705520000107892,12.137920000105835
96ae5806:000,96ae5806,769,12.142083875162296,1.6734330299975435,13.464655396718902
13f598d9:000,13f598d9,403,-12.182008684863614,-15.855880893195298,-11.995459056961982
2ddad940:001,2ddad940,495,12.093979797979664,12.735434343542577,8.189676767781481
a76db406:003,a76db406,1136,12.115558978873052,11.958864436739486,-17.17401408441777
481de5fc:000,481de5fc,311,-12.073683279742891,-14.058713826278524,-2.4456913182278615
992ce078:000,992ce078,644,-12.083025621118175,-12.990993788729496,3.95031055911406
81bf5923:002,81bf5923,463,12.07190388768879,14.26127429815852,22.200151188015273
c9e6734f:000,c9e6734f,1335,-12.081844569288565,-12.005280898772583,-14.788764044844008
9b9e3b49:001,9b9e3b49,771,12.044275616082764,11.312490272472083,17.612036316575125
8478df29:000,8478df29,312,12.043660256410138,11.100512820611135,15.402596153948176
8995c945:000,8995c945,723,-12.016289073305837,-12.400470262682187,-17.634495158951715
27300fd5:003,27300fd5,313,12.019597444089364,12.572332268499009,34.27904153369742
81fc01c6:001,81fc01c6,152,-12.00195065789493,-11.760460526206723,-16.62592105252752
09441b8d:000,09441b8d,716,-11.988943435754267,-12.15896648037504,15.999902234736208
230eaaa3:000,230eaaa3,324,12.00350617283948,12.236604938358983,26.448333333435485
65a5466a:001,65a5466a,298,12.021001677852238,12.14379194643464,-14.10855704688022
276b012a:002,276b012a,502,-12.02133665338659,-12.966075697096336,-17.896055776782514
276b012a:001,276b012a,1029,-11.97221914480092,-12.952050534386872,-15.511574343913383
f49fdea3:000,f49fdea3,673,11.940601040118697,12.611322436973982,5.524992570695361
d00e7eb9:000,d00e7eb9,240,11.934820833333182,8.929125000103628,5.029541666765681
b3388334:000,b3388334,251,11.892790836653228,8.69103585665428,18.507768924393943
684a6fc1:000,684a6fc1,280,-11.895105357143049,-9.395928571299022,-28.792178571319184
ac6f01d5:001,ac6f01d5,154,11.922061688311661,7.358831168927884,13.772467532570914
6ea22614:000,6ea22614,438,11.927247716894724,14.803926940754847,5.262831050333569
7224331b:000,7224331b,212,11.918596698113003,10.297500000107524,7.3026886793493
c2717d4f:000,c2717d4f,1067,-11.868641986879222,-3.420637300731462,-10.47902530448899
86454a6f:000,86454a6f,538,-11.894774163568977,-11.833828996101548,-75.82527881029385
01869cd4:000,01869cd4,363,11.8943209366389,10.792258953287,-7.239972451690966
8cc800b3:000,8cc800b3,472,-11.873724576271366,-13.488665254154139,2.5423728814554525
54a7e3c2:000,54a7e3c2,417,-11.891034772182493,-12.171774580225561,-19.614100719320206
ab94878e:001,ab94878e,722,-11.899993767313097,-10.846675900177003,-7.060180055297721
81bf5923:000,81bf5923,941,11.89207066950034,11.976131774811268,18.591912858770872
eeda36f5:000,eeda36f5,286,-11.866064685314786,-13.684580419486853,-6.780034964934221
dd64382d:000,dd64382d,188,-11.84451063829798,-14.255159574366653,-14.491595744579337
ec13af42:000,ec13af42,644,11.791141304347791,12.46798136657858,-5.6124534160495045
43b06c70:000,43b06c70,462,-11.873008658008846,-11.919826839718786,-20.416038960939197
ea3a0e38:000,ea3a0e38,492,-11.849174796748141,-11.134878048673635,-11.321260162495635
fde20ecf:001,fde20ecf,253,11.851381422924755,8.512885375622178,-12.88276679831301
2b034622:000,2b034622,771,-11.859691309987172,-15.127743190575885,-5.194280155546283
a08d9e63:000,a08d9e63,333,-11.751468468468572,-11.77468468458467,-1.5616216215111562
1285a37b:000,1285a37b,697,-11.836032998565424,-11.541635580972647,-7.304476327024672
764072a5:001,764072a5,306,-11.81556699346426,-13.844607843049648,1.325490196181788
da3bfe4e:000,da3bfe4e,1319,11.81682752084897,11.245913570966202,38.11683851413334
19137a89:001,19137a89,242,11.820371900826284,11.808842975343419,22.372479338991372
516088b7:000,516088b7,348,-11.789794540229932,-11.355057471156215,-14.924454022885396
8b12bab6:000,8b12bab6,343,-11.767801749271227,-15.871020408051592,-23.89551020397785
bc4381e2:002,bc4381e2,367,-11.75349046321543,-15.441580381371706,-15.51310626693008
d9d6d94d:000,d9d6d94d,596,-11.759860738255211,-11.682550335463903,-18.32080536902825
98177ced:001,98177ced,871,11.797126865671421,11.77430539620771,11.4636854191695
9d3ec64c:001,9d3ec64c,542,11.676559040590245,10.656033210432891,10.81682656836734
d4f60a28:000,d4f60a28,433,11.730280600461704,11.95829099317528,12.336581986246987
4cecf7b3:000,4cecf7b3,304,11.732756578947189,13.238651315899766,6.585197368524429
e201fd6d:000,e201fd6d,388,-11.721877577319727,-11.826778350412768,-10.36453608237023
a76db406:002,a76db406,148,11.719702702702492,11.805945946065771,-16.236621621531352
bf39bc20:000,bf39bc20,380,-11.710442105263356,-19.57507894726859,-18.875999999898028
d7ba4f9d:000,d7ba4f9d,760,-11.700921052631696,-11.601802631483961,-1.7686447367366662
f0188a48:000,f0188a48,406,11.700253694581043,12.886945812927362,-4.3863300491596915
44a94013:000,44a94013,407,-11.702894348894441,-12.352923832846804,8.54904176914216
f8afa78a:000,f8afa78a,946,-11.70397621564498,-11.242906976628602,-25.9595560252697
389ae58f:000,389ae58f,593,11.679419055649097,18.07338954486752,-48.50156829668556
27ebb9b9:000,27ebb9b9,168,-11.652815476190415,-9.320714285611757,-8.701964285610009
1beca81d:002,1beca81d,720,-11.661463194444604,-12.01124999990679,-2.1592361110073526
e5864244:000,e5864244,578,-11.648265570934358,-7.145449826864829,-21.075813148678375
8995c945:002,8995c945,558,-11.643886200717017,-11.587903225684807,-25.451164874444782
f631da6e:000,f631da6e,208,11.64718990384591,12.177548077018182,16.700625000101624
febb4411:000,febb4411,199,11.627472361808882,11.670452261406734,12.257889447338162
d0a0e7b5:000,d0a0e7b5,481,11.611901247401056,12.110623700746993,-4.124719334614922
5beded95:001,5beded95,416,11.588504807692196,16.1238221154925,12.908197115488257
15e154a1:000,15e154a1,215,-11.61001627906992,-10.483906976614044,-30.03181395337855
e46f4ef4:000,e46f4ef4,483,11.619960662525711,11.630517598457828,0.9355900622161754
f5859199:000,f5859199,222,-11.585202702702789,-11.319009008900402,-15.749189189087005
4ddde4c1:000,4ddde4c1,232,-11.584579741379441,-11.498146551629706,-11.389525861974555
82aab6d2:000,82aab6d2,954,11.5789213836477,12.169895178295533,17.61764150953789
5567d551:000,5567d551,2342,-11.53568018787377,-11.169752348330563,3.214171648268378
a0e92ed6:000,a0e92ed6,222,11.571522522522377,11.76887387396607,22.52900900911281
6d1d74e1:000,6d1d74e1,585,-11.562646153846256,-12.488905982799478,-14.477623931519478
ac6f01d5:000,ac6f01d5,263,11.550083650190032,11.920304182605431,19.12258555143421
b7fea9ef:000,b7fea9ef,581,11.551006884681437,9.742616179098023,18.36731497428785
4f4afcc6:000,4f4afcc6,348,11.491612068965292,9.666896551828248,12.176235632289561
a87433c9:000,a87433c9,274,11.504662408758998,-1.150912408658696,1.68485401470252
f053a1b9:000,f053a1b9,300,11.498463333333202,18.832933333437055,18.63810000010352
d4f60a28:002,d4f60a28,512,11.438662109374889,12.611699218864064,2.6373828126038923
75d20a82:001,75d20a82,1098,-11.399525956284336,-9.163378870564465,-17.207003642887276
c03fba65:000,c03fba65,192,11.399924479166515,11.27651041675324,28.563229166769815
20402d71:001,20402d71,145,11.424010344827447,12.279241379410012,12.168206896651276
cf50c9d1:000,cf50c9d1,1135,11.33872951541836,11.1402466961201,27.590555066181018
37d36812:000,37d36812,386,-11.352634715026058,-9.855984455832736,-32.914274611297046
93209a3d:000,93209a3d,569,-11.377813708260147,-10.658049209028004,-16.734762741548444
5cb483ac:000,5cb483ac,350,11.36669999999979,11.379800000108911,7.208800000103079
b95e7121:000,b95e7121,466,11.356607296137156,15.406309012998408,-1.6287768239298566
05a0ee4d:000,05a0ee4d,287,11.358712543553795,9.724738676035162,35.745470383379164
fd8f77fa:000,fd8f77fa,408,-11.345337009804071,-7.07909313713633,-19.594166666560746
3b21ea64:002,3b21ea64,713,11.356099579242501,11.35460028062748,-17.190771388406166
3b21ea64:001,3b21ea64,128,11.323046874999875,11.338906250108167,-5.403671874909065
9efc812e:000,9efc812e,623,-11.357703049759337,-11.62340288914324,-4.181268057674482
37d36812:001,37d36812,289,-11.31678027681675,-20.523356401272263,-30.257958477406948
9283ae69:001,9283ae69,807,-11.343844485749859,-11.310346963974757,1.3802973978725384
ab94878e:000,ab94878e,497,-11.340435613682246,-12.273541247380862,-12.400301810761093
9314ff13:000,9314ff13,401,-11.312860349127378,-17.122768079712486,2.655286783151775
8612b37f:000,8612b37f,613,-11.325380097879405,-10.392185970532372,-10.789575856340047
c84c65be:002,c84c65be,239,11.267027196652672,11.164309623531047,12.950920502193991
0498acab:000,0498acab,278,-11.261519784172764,-12.426690647378773,-13.586223021478945
56b00794:000,56b00794,457,11.258363238511944,10.675776805383682,-17.72247264759918
c84c65be:000,c84c65be,333,-11.244381381381471,-10.964774774662912,-20.24030030019723
6e9ccd38:000,6e9ccd38,269,-11.234390334572618,-10.829330854903153,-13.112788103972765
05a0ee4d:001,05a0ee4d,445,-11.234428089887778,-17.87260674151193,23.853685393362333
75d20a82:000,75d20a82,305,11.22492622950808,10.727081967301418,23.77806557387087
27300fd5:001,27300fd5,571,11.217331873905257,12.106217163003388,30.87259194410903
3a0af893:000,3a0af893,268,-11.196399253731535,0.0380970150548507,-26.16749999989778
796dbd4c:000,796dbd4c,504,11.205968253968122,9.978472222334226,-3.670138888790923
ad2133a8:000,ad2133a8,912,-11.197785087719424,-11.650032894672643,22.07200657904744
5aa03df7:000,5aa03df7,456,-11.179782894736993,-11.179912280603503,-3.7201535086661957
9b9e3b49:000,9b9e3b49,396,-11.18057828282842,-11.234722222121983,-6.33207070696719
5def1ce5:001,5def1ce5,333,-11.161680180180273,-10.787837837741984,-3.3779279278236785
37344c2a:000,37344c2a,1381,11.163605720492217,11.760883417924694,4.3536060826528225
cbe62450:000,cbe62450,313,-11.11653194888204,-11.126677316194622,-11.002555910443874
4463446c:000,4463446c,175,11.115965714285558,12.5620000001421,-19.40599999989144
20402d71:000,20402d71,638,11.103912225705155,11.647664576902063,11.648761755585394
22c5f93f:001,22c5f93f,163,-11.085693251533936,-12.41644171769624,-2.324417177809564
00e12e8b:001,00e12e8b,197,11.110842639593868,10.775786802130565,13.804974619391544
1beca81d:001,1beca81d,229,-11.094973799126748,-11.203406113441577,-3.269563318673505
4b462989:000,4b462989,424,-11.099259433962446,-12.486249999904015,-3.3169103772523476
eb934281:000,eb934281,146,11.08771917808201,7.630342465863291,11.18787671244227
940a48d9:000,940a48d9,442,11.081582579185412,12.84174208154652,15.975904977479924
bcebcc5f:000,bcebcc5f,150,-11.085296666666885,-10.661266666535255,-30.3989333332232
71ccf778:000,71ccf778,131,-11.080080152671991,-11.524122137315532,0.9663358779646266
939d9c34:001,939d9c34,203,11.070416256157447,11.785369458218,20.783645320296227
ccedb12b:000,ccedb12b,1041,-11.039987512007782,-8.851258405275107,-5.495494716510714
bc4381e2:003,bc4381e2,488,-11.054893442623158,-6.167663934309076,-23.419508196621784
974802e7:000,974802e7,253,-11.049964426877597,-19.569723320081494,2.8952964427874974
1e5e3573:000,1e5e3573,467,11.037607066381064,9.891734475482703,4.023426124298874
9dede370:000,9dede370,143,11.039017482517329,12.1550349651575,-6.206503496399742
9da441ba:000,9da441ba,205,11.019326829268042,12.180243902567733,-8.76853658525759
67847288:000,67847288,908,11.011226321585688,11.183590308480104,6.814757709356313
4cd1ac61:000,4cd1ac61,605,-11.018147107438214,-15.564545454445602,-15.577272727172879
bcebcc5f:001,bcebcc5f,307,-11.015701954397565,-12.184690553614312,-31.40618892496877
cb34231f:000,cb34231f,1140,11.001696052631452,13.621061403624438,0.49268421062889867
f021b650:001,f021b650,167,11.00202694610763,11.10113772465876,6.859221556990998
f40cd091:000,f40cd091,605,-10.986091735537384,-1.5750578511357072,-1.6826611569210603
94d813a4:000,94d813a4,670,10.982724626865597,10.392432835920971,13.022134328461364
2d196986:001,2d196986,795,-10.973554088050397,-10.257182389853098,-6.786238993621778
56b00794:001,56b00794,922,-10.965646420824505,-15.918687635444067,-42.561203904452235
33c40295:002,33c40295,258,10.959965116278973,11.219573643535247,-13.710465116179629
1fdbba44:001,1fdbba44,475,-10.957432631579186,0.10124210537386381,-0.04612631567892095
cc08aa63:000,cc08aa63,427,-10.939948477751928,-7.819274004568069,-21.556159250481294
cc08aa63:001,cc08aa63,342,-10.93400730994167,-9.915233918018155,-17.55792397650364
bc4381e2:000,bc4381e2,426,-10.925059859155159,-13.156150234637783,-17.45392018769383
2d0c268a:000,2d0c268a,414,10.920550724637584,23.381666666769615,25.68033816435749
5663b2b7:000,5663b2b7,303,10.913541254125322,12.557524752565207,23.986237623864216
1131525f:000,1131525f,195,10.908671794871704,10.695076923198707,-4.004923076814754
a692b17e:001,a692b17e,217,-10.905133640553165,-13.554746543685903,-3.5418433178683824
5b7b6324:001,5b7b6324,403,-10.900648883374807,-11.452208436625185,-8.781612903124069
0dc5e64d:001,0dc5e64d,162,10.891580246913522,11.018148148282398,-29.506234567810274
dbee6c86:000,dbee6c86,328,-10.885271341463506,-10.904512195027499,-9.580274390148155
3b21ea64:000,3b21ea64,301,10.883347176079628,11.1830564785278,-8.501827242422271
f8afa78a:001,f8afa78a,1372,-10.87644241982521,-13.920932944503464,-16.111749271036775
89f1085d:000,89f1085d,348,-10.853781609195492,-9.511781609129695,29.345258620795235
a48640d9:000,a48640d9,265,-10.852258490566134,-13.849396226310938,-11.577698113099212
da3cf798:000,da3cf798,182,10.828082417582264,19.202307692441867,-3.74576923065895
5a5269a9:000,5a5269a9,566,10.816988515900904,12.979522968307581,9.07386925805595
1aaf1da0:001,1aaf1da0,134,-10.813078358209086,-13.557462686461125,-12.904477611832318
0dc835f3:001,0dc835f3,183,10.803336065573523,10.895519125787484,11.356448087534778
00bbac68:000,00bbac68,295,10.797291525423608,10.717016949233653,24.7798983051808
4cecf7b3:001,4cecf7b3,153,10.799820261437798,12.579281045870149,-2.3197385619883324
3a0af893:001,3a0af893,288,-10.795074652777979,-25.837638888785648,-26.49753472212
ab94878e:002,ab94878e,147,-10.786316326530747,-9.754013605342628,-5.52782312914776
3a0af893:002,3a0af893,493,-10.773224137931177,-25.16523326561788,-24.77831642991815
1aaf1da0:000,1aaf1da0,223,-10.748775784753562,-13.554394618726846,-13.560672645632641
f6bc699b:000,f6bc699b,204,10.733877450980273,11.101960784423566,4.39534313735959
a76db406:000,a76db406,466,-10.704038626609611,-11.302618025656553,-11.294356223081621
fd8f77fa:001,fd8f77fa,737,-10.704381953867161,-10.087150610447752,-38.68077340559283
ab94878e:003,ab94878e,145,-10.684679310345093,-9.62510344817624,-5.690620689551461
1fdbba44:000,1fdbba44,261,-10.680747126437016,-5.649080459666864,-0.15367816081004765
944f36b9:000,944f36b9,324,-10.681188271605174,-10.805895061623843,-6.8824382714963095
0c1b160c:000,0c1b160c,233,-10.669452789699486,-15.09708154495262,-19.994077253110397
0dc835f3:000,0dc835f3,131,10.664980916030515,10.90496183216562,11.254961832164165
5aa03df7:001,5aa03df7,205,-10.659178048780644,-10.808829268193248,-4.081999999894319
f8afa78a:002,f8afa78a,994,-10.637104124748623,-14.054245472736245,-14.504597585413434
5b7b6324:000,5b7b6324,376,-10.634586436170473,-10.814148936070355,-9.067872340323857
93209a3d:001,93209a3d,183,-10.636262295082155,-8.62912568294863,-16.06136612011513
4e050c92:000,4e050c92,212,10.61094339622616,14.905377358605902,4.8858018868954876
7224331b:003,7224331b,184,10.613967391304156,10.588206521859082,-5.953097825983724
647f2a41:000,647f2a41,179,-10.594659217877316,-11.976759776440609,-1.644916201009056
9896fc0b:000,9896fc0b,206,10.592485436893087,19.841504854484942,7.791990291365958
c03b9305:000,c03b9305,259,-10.592030888031005,-9.34996138985533,-11.868880308775731
f16e25e3:000,f16e25e3,443,-10.570311512415545,-12.507246049567007,-2.681173814795362
f72b268f:001,f72b268f,291,-10.577963917525873,-12.361993127037458,-19.119037800584
8995c945:001,8995c945,385,-10.573445454545553,-10.660467532356197,-14.544103895996287
dc7da28f:000,dc7da28f,312,-10.55225480769246,-13.844262820406806,-16.43897435887104
5def1ce5:000,5def1ce5,141,-10.539372340425684,-10.543262411248211,-5.248581560179214
fde20ecf:000,fde20ecf,396,10.52254924242412,4.344848484974747,-13.978888888781604
7224331b:002,7224331b,275,10.519858181817968,10.818145454664846,-6.340763636260308
7224331b:001,7224331b,263,10.49173954372617,11.09228136894121,-5.666463878223627
f72b268f:000,f72b268f,204,-10.486914215686399,-12.135049019496828,-19.4404411763673
d9ae59b2:000,d9ae59b2,397,10.488028967254238,10.665717884240065,3.998085642419532
b3388334:001,b3388334,377,-10.476505305039957,-10.4980901855728,-22.485358090094195
9dede370:002,9dede370,246,-10.473479674796936,-9.185853658423524,-18.560447154367836
33c40295:001,33c40295,161,10.471357142857002,10.479254658508896,-13.714223602385047
bc4381e2:001,bc4381e2,190,-10.468452631579154,-14.299105263055122,-16.579631578847472
ed6e6e54:000,ed6e6e54,143,-10.45789160839191,-4.581118880982752,-37.85314685304713
b85f7b06:000,b85f7b06,200,10.450357499999864,11.583300000115933,1.9548000001032142
8c167025:000,8c167025,461,-10.44396854663793,-10.49830802592732,-9.876507592087194
ab3ced07:000,ab3ced07,172,10.441898255813845,10.522441860572556,7.299186046615717
ea0b99b7:000,ea0b99b7,184,-10.432644021739238,-11.447336956409186,-18.755489130330826
47222616:000,47222616,531,-10.428743879472817,-10.418229755079079,-10.473596986717205
91db7070:001,91db7070,129,-10.422282945736619,-10.691162790597177,-5.441162790593539
0c1b160c:001,0c1b160c,211,10.409869668246351,5.462606635177577,6.141042654137128
3b21ea64:004,3b21ea64,255,10.379045098038985,12.18741176482392,-5.355137254801885
2fd68f7b:000,2fd68f7b,211,-10.373819905213512,-1.2045497628576638,-66.8104739335415
c908edd0:000,c908edd0,155,-10.36048387096793,-12.651290322508746,16.46419354848926
b95e7121:001,b95e7121,155,10.322032258064393,13.773354838830299,-2.2295483869924575
27300fd5:002,27300fd5,673,10.318121842496126,10.707756315147094,21.71169390802789
2f8e53c3:000,2f8e53c3,273,10.314562271062051,11.693589743697258,4.7730769231772445
b85f7b06:001,b85f7b06,159,10.31182389937084,11.07427672967608,-0.11251572316729189
000d7d20:000,000d7d20,242,10.309940082644415,10.341157024897,7.4384710744805504
81bf5923:001,81bf5923,225,10.30025555555539,11.336266666767907,18.944488888998297
ce55ba43:000,ce55ba43,139,-10.300003597122426,-9.312374100598849,-29.121366906374835
fd8f77fa:002,fd8f77fa,158,-10.289085443038179,-10.22436708847235,-37.66613924040041
91db7070:000,91db7070,206,-10.288888349514743,-10.315679611550232,-6.548932038730783
cc08aa63:002,cc08aa63,231,-10.27164935064932,-10.450909090805046,-12.337272727168115
272abef3:000,272abef3,221,-10.25147511312239,-9.773484162802495,-1.1501809953733013
aaaf3c03:000,aaaf3c03,169,10.243781065088555,8.821479290028117,27.45017751490096
a76db406:001,a76db406,318,-10.243270440251745,-10.201981131980265,-11.124308176006439
000d7d20:001,000d7d20,271,10.182964944649308,10.456125461358377,6.412398524085594
f021b650:000,f021b650,228,10.149866228070008,10.117017543963732,9.925131579051387
cb879f40:000,cb879f40,457,10.140445295404506,9.19431072220401,7.974288840364668
d1ecf309:000,d1ecf309,149,10.04577181208045,8.435704698093446,3.8081879195648414
