item,public_source,exp226_port,status
segment_count,16,16,match
local_linear_k_bandwidth,50 / 500,50 / 500,match
kappa_distance_bins,"0,750,1500,2500,4000,inf","0,750,1500,2500,4000,inf",match
kappa_regimes,"0,1000,1500,2000","0,1000,1500,2000",match
geometry_anchor,last finite TVT_input,last finite TVT_input,match
geometry_path,anchor + cumulative design @ global kappa,anchor + cumulative design @ global kappa,match
gr_window_stride_cap,500 / 125 / +/-4 ft,500 / 125 / +/-4 ft,match
u_projection,degree 4 / beta .75 / 4 iterations,degree 4 / beta .75 / 4 iterations,match
external_v7_v8,optional weight-dependent,disabled by experiment contract,intentional_scope_difference
