experiment,config_path,parse_error,status,route,metrics_status,metrics_cv,has_sig_p,sig_p_entries,local_contract_count,numeric_sig_p_values,numeric_step_values,numeric_momentum_values,nondefault_sig_p_values,nondefault_step_values,nondefault_momentum_values,position_sigma_schedule_paths,momentum_schedule_paths,has_position_intervention_design,has_momentum_intervention_design,terminal_without_run,has_recorded_metric,completed_position_intervention,completed_momentum_intervention
exp205_exact_hmm_smoother_exp072_compatible_cache_audit,/home/kento/work/kaggle/ROGII/experiments/exp205_exact_hmm_smoother_exp072_compatible_cache_audit/config.yaml,,completed_train_feature_cache_direct_pfbeam_supported_no_submit,pf_beam,completed_train_feature_cache_direct_pfbeam_supported_no_submit,10.269699957242537,True,"[[""model.hmm.sig_p"", 0.02]]",1,[0.02],[0.35],[0.998],[],[],[],[],[],False,False,False,True,False,False
exp209_exp072_exp205_joint_exact_parity_fast_cache_generation,/home/kento/work/kaggle/ROGII/experiments/exp209_exp072_exp205_joint_exact_parity_fast_cache_generation/config.yaml,,completed_v6_outer_workers_4_numba_threads_1_slower_best_runtime_v5_default,pf_beam,completed_v6_outer_workers_4_numba_threads_1_slower_best_runtime_v5_default,10.269696146642758,True,"[[""model.hmm.sig_p"", 0.02]]",1,[0.02],[0.35],[0.998],[],[],[],[],[],False,False,False,True,False,False
exp221_lgb_oof_gaussian_emission_hmm_on_exp148,/home/kento/work/kaggle/ROGII/experiments/exp221_lgb_oof_gaussian_emission_hmm_on_exp148/config.yaml,,submitted_v1_public_lb_7p953_not_adopted,ensemble,submitted_v1_public_lb_7p953_not_adopted,8.32773695096078,True,"[[""model.hmm.sig_p"", 0.02]]",1,[0.02],[0.35],[0.998],[],[],[],[],[],False,False,False,True,False,False
exp223_joint_typewell_self_gr_hmm_likelihood_probe,/home/kento/work/kaggle/ROGII/experiments/exp223_joint_typewell_self_gr_hmm_likelihood_probe/config.yaml,,completed_train_side_supported_vs_exp072_not_direct_port,ensemble,completed_train_side_supported_vs_exp072_not_direct_port,11.349950650072172,True,"[[""model.hmm.sig_p"", 0.02]]",1,[0.02],[0.35],[0.998],[],[],[],[],[],False,False,False,True,False,False
exp225_state_known_tvt_self_gr_hmm_emission,/home/kento/work/kaggle/ROGII/experiments/exp225_state_known_tvt_self_gr_hmm_emission/config.yaml,,completed_train_side_rejected_no_inference_no_submit,ensemble,completed_train_side_rejected_no_inference_no_submit,14.212954500008003,True,"[[""model.hmm.sig_p"", 0.02]]",1,[0.02],[0.35],[0.998],[],[],[],[],[],False,False,False,True,False,False
exp229_lgb_quantile_band_emission_hmm_on_exp148,/home/kento/work/kaggle/ROGII/experiments/exp229_lgb_quantile_band_emission_hmm_on_exp148/config.yaml,,completed_train_side_rejected_no_inference_no_submit,ensemble,completed_train_side_rejected_no_inference_no_submit,8.684401098734789,True,"[[""model.hmm.sig_p"", 0.02]]",1,[0.02],[0.35],[0.998],[],[],[],[],[],False,False,False,True,False,False
exp230_dtw_typewell_warp_hmm_emission_correction,/home/kento/work/kaggle/ROGII/experiments/exp230_dtw_typewell_warp_hmm_emission_correction/config.yaml,,completed_train_side_rejected_no_inference_no_submit,pf_beam,completed_train_side_rejected_no_inference_no_submit,13.611292322617885,True,"[[""model.hmm.sig_p"", 0.02]]",1,[0.02],[0.35],[0.998],[],[],[],[],[],False,False,False,True,False,False
exp231_same_typewell_horizontal_gr_atlas_gated_hmm_emission,/home/kento/work/kaggle/ROGII/experiments/exp231_same_typewell_horizontal_gr_atlas_gated_hmm_emission/config.yaml,,completed_train_side_rejected_no_inference_no_submit,pf_beam,completed_train_side_rejected_no_inference_no_submit,11.569950235624306,True,"[[""model.hmm.sig_p"", 0.02]]",1,[0.02],[0.35],[0.998],[],[],[],[],[],False,False,False,True,False,False
exp234_crossfitted_residual_scale_emission_hmm_on_exp218,/home/kento/work/kaggle/ROGII/experiments/exp234_crossfitted_residual_scale_emission_hmm_on_exp218/config.yaml,,completed_train_side_rejected_no_inference_no_submit,ensemble,completed_train_side_rejected_no_inference_no_submit,8.42723140171221,True,"[[""model.hmm.sig_p"", 0.02]]",1,[0.02],[0.35],[0.998],[],[],[],[],[],False,False,False,True,False,False
exp236_exact_hmm_posterior_bimodality_audit,/home/kento/work/kaggle/ROGII/experiments/exp236_exact_hmm_posterior_bimodality_audit/config.yaml,,completed_train_side_posterior_diagnostic,ensemble,completed_train_side_posterior_diagnostic,8.327728486025844,True,"[[""model.hmm.sig_p"", 0.02]]",1,[0.02],[0.35],[0.998],[],[],[],[],[],False,False,False,True,False,False
exp237_hmm_exp226_candidate_selector_on_exp183,/home/kento/work/kaggle/ROGII/experiments/exp237_hmm_exp226_candidate_selector_on_exp183/config.yaml,,completed_rawtest_inference_not_submitted_after_guard_failure,ensemble,completed_rawtest_inference_not_submitted_after_guard_failure,"{""base8_oracle_rmse"": 4.564605114796885, ""candidate_count"": 11, ""candidate_oracle_delta_vs_base8"": -1.681095562507497, ""candidate_oracle_rmse"": 2.883509552289388, ""fixed_viterbi"": {""delta_vs_exp183"": -2.0563884878892615, ""delta_vs_exp226_single"": -0.8820163107590044, ""delta_vs_likpf"": -3.049804386394495, ""mae_tvt"": 4.991818709287342, ""oracle_label_accuracy"": 0.19880633902476988, ""path_switch_count"": 7640, ""path_switch_per_1000_rows"": 2.0190333534267673, ""rmse_tvt"": 8.545093285823208, ""variant"": ""viterbi_sw200_bias000_jw100_jf025_d0075_std999999_md0000_seg001"", ""within_10ft"": 0.8494747209888823}, ""guard"": {""decision"": ""global_supported_guard_not_passed_no_inference_no_submit"", ""distance_000_050_vs_exp183_delta_rmse"": 0.167573, ""hidden_like_spatial_valid_vs_exp183_delta_rmse"": -3.955555, ""hidden_like_typewell_purged_valid_vs_exp183_delta_rmse"": -3.881109, ""max_per_well_regression_vs_exp183_rmse"": 25.639006, ""max_per_well_regression_vs_exp183_well"": ""70925e23"", ""overall_vs_exp183"": ""pass"", ""overall_vs_exp226_single"": ""pass"", ""worst_well"": ""fb03ae90"", ""worst_well_rmse"": 57.642328}, ""rows"": 3783989, ""rowwise_error_ranker"": {""mae_tvt"": 4.9981930162996475, ""rmse_tvt"": 8.545227678368821, ""within_10ft"": 0.8501560126099732}, ""runtime_seconds"": 3051.085713624954, ""wells"": 773}",True,"[[""inference.hmm.exact.sig_p"", 0.02]]",1,[0.02],[0.35],[0.998],[],[],[],[],[],False,False,False,True,False,False
exp240_shrinkage_residual_scale_emission_hmm_on_exp218,/home/kento/work/kaggle/ROGII/experiments/exp240_shrinkage_residual_scale_emission_hmm_on_exp218/config.yaml,,closed_train_side_alpha050_best_rmse_mixed_guards_no_inference_no_submit,ensemble,closed_train_side_alpha050_best_rmse_mixed_guards_no_inference_no_submit,"{""bias"": -0.0565123395318693, ""by_well_vs_alpha025"": {""improved_wells"": 352, ""max_improvement_delta_rmse"": -6.760599929394399, ""max_improvement_well"": ""efe96181"", ""max_regression_delta_rmse"": 2.8984338946575097, ""max_regression_well"": ""6a8fa194"", ""mean_delta_rmse"": 0.032399257265361726, ""median_delta_rmse"": 0.008680927058384302, ""worsened_wells"": 421}, ""candidate"": ""hmm_lgb_exp218_selected_shrinkage_band_sf0250_sc4000_l0500"", ""delta_rmse_vs_exp218"": -0.1389408612409237, ""delta_rmse_vs_exp234_rowwise_sigma"": -0.090367505308647, ""delta_vs_alpha025"": {""mae"": 0.041423584731, ""rmse"": -0.014258376373997, ""within10"": -0.001093554976}, ""delta_vs_scalar"": {""mae"": 0.06870743449, ""rmse"": -0.024443879527962, ""within10"": -0.002636899843}, ""distance_bucket_delta_rmse_vs_alpha025"": {""000_050"": -0.011477, ""050_100"": -0.026673, ""1000_plus"": -0.0164, ""100_250"": -0.027856, ""250_500"": 0.0096, ""500_1000"": 0.00189}, ""hidden_like_delta_vs_alpha025"": {""verification_like_spatial"": {""rmse"": 0.005456}, ""verification_like_typewell_purged"": {""rmse"": 0.003032}}, ""mae"": 4.874378048076729, ""rmse"": 8.336863896691353, ""rows"": 3783989, ""scale_guard"": {""passed"": true, ""spearman_sigma_vs_abs_error"": 0.32648562587745916, ""well_overlap_count_all_folds"": 0}, ""step_delta"": {""mean"": 0.011332864736128769, ""p99"": 0.0665, ""rate_gt_10"": 0.0, ""rate_gt_25"": 0.0, ""rate_gt_5"": 0.0}, ""wells"": 773, ""within10"": 0.8589528140805907}",True,"[[""model.hmm.sig_p"", 0.02]]",1,[0.02],[0.35],[0.998],[],[],[],[],[],False,False,False,True,False,False
exp247_missing_gr_masking,/home/kento/work/kaggle/ROGII/experiments/exp247_missing_gr_masking/config.yaml,,completed_rejected,ensemble,completed_rejected,8.322894657994638,True,"[[""model.hmm.sig_p"", 0.02]]",1,[0.02],[0.35],[0.998],[],[],[],[],[],False,False,False,True,False,False
exp251_raw_test_safe_dual_objective_candidate_ranker,/home/kento/work/kaggle/ROGII/experiments/exp251_raw_test_safe_dual_objective_candidate_ranker/config.yaml,,completed_train_side_guard_failed,ensemble,completed_train_side_guard_failed_no_inference_no_submit,8.502212004569888,True,"[[""inference.hmm.exact.sig_p"", 0.02]]",1,[0.02],[0.35],[0.998],[],[],[],[],[],False,False,False,True,False,False
exp263_last_anchor_better_candidate_confidence_pair_cache,/home/kento/work/kaggle/ROGII/experiments/exp263_last_anchor_better_candidate_confidence_pair_cache/config.yaml,,stage1_namespaced_confidence_kaggle_v3_completed,pf_beam,stage1_namespaced_confidence_kaggle_v3_completed,8.238331,True,"[[""stage1.raw_test_generation.exact_hmm.params.sig_p"", 0.02]]",1,[0.02],[0.35],[0.998],[],[],[],[],[],False,False,False,True,False,False
exp268_multi_scale_initial_rate_candidates,/home/kento/work/kaggle/ROGII/experiments/exp268_multi_scale_initial_rate_candidates/config.yaml,,completed_train_side_candidate_bank_audit,pf_beam,completed_train_side_candidate_bank_audit,null,True,"[[""model.hmm.sig_p"", 0.02]]",1,[0.02],[0.35],[0.998],[],[],[],[],[],False,False,False,False,False,False
exp269_raw_hmm_likpf_missing_gr_observation_neutrality_ablation,/home/kento/work/kaggle/ROGII/experiments/exp269_raw_hmm_likpf_missing_gr_observation_neutrality_ablation/config.yaml,,completed_stage1_guard_failed_pf_closed,pf_beam,completed_stage1_guard_failed_pf_closed,13.348499467716465,True,"[[""model.hmm.sig_p"", 0.02]]",1,[0.02],[0.35],[0.998],[],[],[],[],[],False,False,False,True,False,False
exp270_exact_hmm_posterior_mode_candidate_audit,/home/kento/work/kaggle/ROGII/experiments/exp270_exact_hmm_posterior_mode_candidate_audit/config.yaml,,completed_train_side_direct_negative_oracle_diagnostic_only_no_inference_no_submit,pf_beam,completed_train_side_direct_negative_oracle_diagnostic_only_no_inference_no_submit,11.938287234887435,True,"[[""model.hmm.sig_p"", 0.02]]",1,[0.02],[0.35],[0.998],[],[],[],[],[],False,False,False,True,False,False
exp273_two_dimensional_formation_gradient_transition,/home/kento/work/kaggle/ROGII/experiments/exp273_two_dimensional_formation_gradient_transition/config.yaml,,completed_negative_direct_gradient_candidates,pf_beam,completed_negative_direct_gradient_candidates,11.938287234887428,True,"[[""model.hmm.sig_p"", 0.02]]",1,[0.02],[0.35],[0.998],[],[],[],[],[],False,False,False,True,False,False
exp279_exp226_geop_centered_exact_hmm_redecode,/home/kento/work/kaggle/ROGII/experiments/exp279_exp226_geop_centered_exact_hmm_redecode/config.yaml,,completed_train_side_guard_failed_branch_closed,pf_beam,completed_train_side_guard_failed_branch_closed,10.0359869413341,True,"[[""model.hmm.sig_p"", 0.02]]",1,[0.02],[0.35],[0.998],[],[],[],[],[],False,False,False,True,False,False
exp281_exp226_residual_offset_exact_hmm_transition_probe,/home/kento/work/kaggle/ROGII/experiments/exp281_exp226_residual_offset_exact_hmm_transition_probe/config.yaml,,completed_train_side_guard_failed,pf_beam,completed_train_side_guard_failed,9.827419940583813,True,"[[""model.hmm.sig_p"", 0.02]]",1,[0.02],[0.35],[0.998],[],[],[],[],[],False,False,False,True,False,False
exp294_calibrated_typewell_gapfill_known_prefix_selfgr_hmm,/home/kento/work/kaggle/ROGII/experiments/exp294_calibrated_typewell_gapfill_known_prefix_selfgr_hmm/config.yaml,,stage0_completed_fail_branch_closed,ensemble,stage0_completed_fail_branch_closed,null,True,"[[""model.hmm.sig_p"", 0.02]]",1,[0.02],[0.35],[0.998],[],[],[],[],[],False,False,False,False,False,False
exp295_prefix_anchored_wholewell_gr_alignment_ssm,/home/kento/work/kaggle/ROGII/experiments/exp295_prefix_anchored_wholewell_gr_alignment_ssm/config.yaml,,stage_a_failed_runtime_timeout_branch_closed,ensemble,stage_a_failed_runtime_timeout_branch_closed,null,True,"[[""model.state_space.sig_p"", 0.02]]",1,[0.02],[0.35],[0.998],[],[],[],[],[],False,False,False,False,False,False
exp296_exp223_self_gr_known_tvt_support_gate,/home/kento/work/kaggle/ROGII/experiments/exp296_exp223_self_gr_known_tvt_support_gate/config.yaml,,completed_train_side_guard_failed_closed,ensemble,completed_train_side_guard_failed_closed,12.15974913969598,True,"[[""model.hmm.sig_p"", 0.02]]",1,[0.02],[0.35],[0.998],[],[],[],[],[],False,False,False,True,False,False
exp299_base_posterior_self_gr_boundary_handoff,/home/kento/work/kaggle/ROGII/experiments/exp299_base_posterior_self_gr_boundary_handoff/config.yaml,,kaggle_cpu_v2_completed_train_side_guard_failed_closed,ensemble,kaggle_cpu_v2_completed_train_side_guard_failed_closed,11.7895775608145,True,"[[""model.hmm.sig_p"", 0.02]]",1,[0.02],[0.35],[0.998],[],[],[],[],[],False,False,False,True,False,False
exp305_tempered_raw_smoothed_exact_hmm_emission,/home/kento/work/kaggle/ROGII/experiments/exp305_tempered_raw_smoothed_exact_hmm_emission/config.yaml,,train_side_tempered_exact_hmm_gate_failed_closed,pf_beam,train_side_tempered_exact_hmm_gate_failed_closed,13.218199371895286,True,"[[""model.hmm.sig_p"", 0.02]]",1,[0.02],[0.35],[0.998],[],[],[],[],[],False,False,False,True,False,False
exp307_finite_only_robust_sigma_gr,/home/kento/work/kaggle/ROGII/experiments/exp307_finite_only_robust_sigma_gr/config.yaml,,completed_train_side_gate_failed_closed,pf_beam,completed_train_side_gate_failed_closed,15.661340918077913,True,"[[""model.fixed_hmm.sig_p"", 0.02]]",1,[0.02],[0.35],[0.998],[],[],[],[],[],False,False,False,True,False,False
exp308_imputed_gr_confidence_downweight,/home/kento/work/kaggle/ROGII/experiments/exp308_imputed_gr_confidence_downweight/config.yaml,,closed_without_run_parent_exp307_gate_failed,pf_beam,closed_without_run_parent_exp307_gate_failed,null,True,"[[""model.fixed_hmm.sig_p"", 0.02]]",1,[0.02],[0.35],[0.998],[],[],[],[],[],False,False,True,False,False,False
exp309_well_adaptive_transition_noise,/home/kento/work/kaggle/ROGII/experiments/exp309_well_adaptive_transition_noise/config.yaml,,closed_without_run_upstream_exp307_chain_failed,pf_beam,closed_without_run_upstream_exp307_chain_failed,null,True,"[[""model.fixed_hmm.sig_p"", 0.02]]",1,[0.02],[0.35],[0.998],[],[],[],[],[],False,False,True,False,False,False
exp323_time_varying_exp226_dip_rate_prior,/home/kento/work/kaggle/ROGII/experiments/exp323_time_varying_exp226_dip_rate_prior/config.yaml,,closed_without_run_upstream_exp307_chain_failed,pf_beam,closed_without_run_upstream_exp307_chain_failed,null,True,"[[""model.fixed_parent.sig_p"", 0.02]]",1,[0.02],[0.35],[0.998],[],[],[],[],[],False,False,True,False,False,False
exp324_exp226_donor_covariance_segment_sig_r,/home/kento/work/kaggle/ROGII/experiments/exp324_exp226_donor_covariance_segment_sig_r/config.yaml,,closed_without_run_upstream_exp307_chain_failed,pf_beam,closed_without_run_upstream_exp307_chain_failed,null,True,"[[""model.fixed_parent.sig_p"", ""exact_exp323_parent""]]",1,[],[],[0.998],[],[],[],[],[],False,False,True,False,False,False
exp325_exp226_window_likelihood_hmm_tempering,/home/kento/work/kaggle/ROGII/experiments/exp325_exp226_window_likelihood_hmm_tempering/config.yaml,,closed_without_run_upstream_exp307_chain_failed,pf_beam,closed_without_run_upstream_exp307_chain_failed,null,True,"[[""model.fixed_parent.sig_p"", ""exact_exp323""]]",1,[],[],[0.998],[],[],[],[],[],False,False,True,False,False,False
exp326_residual_rate_time_varying_momentum,/home/kento/work/kaggle/ROGII/experiments/exp326_residual_rate_time_varying_momentum/config.yaml,,closed_without_run_upstream_exp307_chain_failed,pf_beam,closed_without_run_upstream_exp307_chain_failed,null,True,"[[""model.fixed_parent.sig_p"", ""exact_exp323""]]",1,[],[],[],[],[],[],[],"[""model.momentum_schedule"", ""model.momentum_schedule.state_coordinate"", ""model.momentum_schedule.base_momentum"", ""model.momentum_schedule.base_correlation_length"", ""model.momentum_schedule.change_score"", ""model.momentum_schedule.change_score_clip"", ""model.momentum_schedule.correlation_length_formula"", ""model.momentum_schedule.momentum_formula"", ""model.momentum_schedule.fallback"", ""model.momentum_schedule.parameter_grid""]",False,True,True,False,False,False
exp327_time_varying_position_sigma_floor_audit,/home/kento/work/kaggle/ROGII/experiments/exp327_time_varying_position_sigma_floor_audit/config.yaml,,closed_without_run_upstream_exp307_chain_failed,pf_beam,closed_without_run_upstream_exp307_chain_failed,null,False,[],0,[],[],[],[],[],[],"[""model.position_sigma_schedule"", ""model.position_sigma_schedule.grid_step_ft"", ""model.position_sigma_schedule.base_sig_p_argument_ft"", ""model.position_sigma_schedule.effective_floor_formula"", ""model.position_sigma_schedule.effective_floor_ft"", ""model.position_sigma_schedule.transition_mean_per_rate_state"", ""model.position_sigma_schedule.quantization_residual_per_state"", ""model.position_sigma_schedule.row_quantization_scale"", ""model.position_sigma_schedule.formula"", ""model.position_sigma_schedule.clip_ft"", ""model.position_sigma_schedule.fallback_ft"", ""model.position_sigma_schedule.parameter_grid""]",[],True,False,True,False,False,False
exp331_prefix_gr_unary_local_ce_exact_ssm,/home/kento/work/kaggle/ROGII/experiments/exp331_prefix_gr_unary_local_ce_exact_ssm/config.yaml,,stage_a_failed_branch_closed,ensemble,stage_a_failed_branch_closed,24.76036012725314,True,"[[""model.state_space.sig_p"", 0.02]]",1,[0.02],[0.35],[0.998],[],[],[],[],[],False,False,False,True,False,False
exp332_prefix_gr_unary_fixed_window_structured_ssm,/home/kento/work/kaggle/ROGII/experiments/exp332_prefix_gr_unary_fixed_window_structured_ssm/config.yaml,,stage0_runtime_gate_failed_branch_closed,ensemble,stage0_runtime_gate_failed_branch_closed,null,True,"[[""model.state_space.sig_p"", 0.02]]",1,[0.02],[0.35],[0.998],[],[],[],[],[],False,False,False,False,False,False
exp337_prefix_backtested_structure_sigma_gr,/home/kento/work/kaggle/ROGII/experiments/exp337_prefix_backtested_structure_sigma_gr/config.yaml,,stage0_gate_failed_branch_closed,pf_beam,stage0_gate_failed_branch_closed,null,True,"[[""model.fixed_hmm.sig_p"", 0.02]]",1,[0.02],[0.35],[0.998],[],[],[],[],[],False,False,False,False,False,False
exp338_exp209_well_adaptive_transition_noise,/home/kento/work/kaggle/ROGII/experiments/exp338_exp209_well_adaptive_transition_noise/config.yaml,,train_side_adaptive_sig_r_gate_failed_closed,pf_beam,train_side_adaptive_sig_r_gate_failed_closed,14.062348052437676,True,"[[""model.fixed_exp209_hmm.sig_p"", 0.02]]",1,[0.02],[0.35],[0.998],[],[],[],[],[],False,False,False,True,False,False
exp341_missing_gap_calibrated_soft_variance_exp226_residual_hmm,/home/kento/work/kaggle/ROGII/experiments/exp341_missing_gap_calibrated_soft_variance_exp226_residual_hmm/config.yaml,,closed_without_run_dependency_exp339_gate_failed,pf_beam,closed_without_run_dependency_exp339_gate_failed,null,True,"[[""model.fixed_parent.sig_p"", 0.02]]",1,[0.02],[0.35],[0.998],[],[],[],[],[],False,False,True,False,False,False
exp342_exp226_student_t_residual_offset_emission_audit,/home/kento/work/kaggle/ROGII/experiments/exp342_exp226_student_t_residual_offset_emission_audit/config.yaml,,stage_1_override_completed_guard_failed_closed,pf_beam,stage_1_override_completed_guard_failed_closed,null,True,"[[""model.hmm.sig_p"", 0.02]]",1,[0.02],[0.35],[0.998],[],[],[],[],[],False,False,False,False,False,False
exp345_exp209_time_varying_gr_affine_calibration_hmm,/home/kento/work/kaggle/ROGII/experiments/exp345_exp209_time_varying_gr_affine_calibration_hmm/config.yaml,,stage_0_full_failed_closed,pf_beam,stage_0_full_failed_closed,null,True,"[[""model.fixed_exp209_hmm.sig_p"", 0.02]]",1,[0.02],[0.35],[0.998],[],[],[],[],[],False,False,False,False,False,False
exp346_exp209_observed_only_finite_sigma_gr_hmm,/home/kento/work/kaggle/ROGII/experiments/exp346_exp209_observed_only_finite_sigma_gr_hmm/config.yaml,,train_side_observed_only_finite_sigma_gate_failed_closed,pf_beam,train_side_observed_only_finite_sigma_gate_failed_closed,13.29502664360867,True,"[[""model.fixed_hmm.sig_p"", 0.02]]",1,[0.02],[0.35],[0.998],[],[],[],[],[],False,False,False,True,False,False
exp347_prefix_gr_unary_batched_window_exact_ssm,/home/kento/work/kaggle/ROGII/experiments/exp347_prefix_gr_unary_batched_window_exact_ssm/config.yaml,,stage0_technical_parity_failed_branch_closed,ensemble,stage0_technical_parity_failed_branch_closed,null,True,"[[""model.state_space.sig_p"", 0.02]]",1,[0.02],[0.35],[0.998],[],[],[],[],[],False,False,False,False,False,False
exp348_prefix_gr_unary_window_path_ranking_ssm,/home/kento/work/kaggle/ROGII/experiments/exp348_prefix_gr_unary_window_path_ranking_ssm/config.yaml,,stage0_failed_branch_closed,ensemble,stage0_failed_branch_closed,null,True,"[[""model.state_space.sig_p"", 0.02]]",1,[0.02],[0.35],[0.998],[],[],[],[],[],False,False,False,False,False,False
exp350_exp345_bidirectional_gr_affine_smoother,/home/kento/work/kaggle/ROGII/experiments/exp350_exp345_bidirectional_gr_affine_smoother/config.yaml,,stage_0_failed_closed,pf_beam,stage_0_failed_closed,14.367548323818495,True,"[[""model.fixed_exp209_hmm.sig_p"", 0.02]]",1,[0.02],[0.35],[0.998],[],[],[],[],[],False,False,False,True,False,False
exp355_exp226_dip_rate_prior_on_exp209,/home/kento/work/kaggle/ROGII/experiments/exp355_exp226_dip_rate_prior_on_exp209/config.yaml,,stage1_completed_scientific_gate_failed_closed,pf_beam,stage1_completed_scientific_gate_failed_closed,11.291976615843922,True,"[[""model.stage_1.hmm.sig_p"", 0.02], [""model.fixed_parent.sig_p"", 0.02]]",2,"[0.02, 0.02]","[0.35, 0.35]","[0.998, 0.998]",[],[],[],[],[],False,False,False,True,False,False
exp356_exp226_donor_covariance_sig_r_on_exp209,/home/kento/work/kaggle/ROGII/experiments/exp356_exp226_donor_covariance_sig_r_on_exp209/config.yaml,,blocked_donor_support_non_degeneracy_evidence_required,pf_beam,blocked_donor_support_non_degeneracy_evidence_required,null,True,"[[""model.fixed_parent.sig_p"", 0.02]]",1,[0.02],[0.35],[0.998],[],[],[],[],[],False,False,False,False,False,False
exp357_exp226_huber_emission_independent_audit,/home/kento/work/kaggle/ROGII/experiments/exp357_exp226_huber_emission_independent_audit/config.yaml,,stage_1_override_completed_guard_failed_closed,pf_beam,stage_1_override_completed_guard_failed_closed,9.737195157482754,True,"[[""model.hmm.sig_p"", 0.02]]",1,[0.02],[0.35],[0.998],[],[],[],[],[],False,False,False,True,False,False
exp358_exp209_missing_distance_emission_downweight,/home/kento/work/kaggle/ROGII/experiments/exp358_exp209_missing_distance_emission_downweight/config.yaml,,stage_1_completed_scientific_gate_failed_closed,pf_beam,stage_1_completed_scientific_gate_failed_closed,12.012569787442315,True,"[[""model.fixed_parent.sig_p"", 0.02], [""model.fixed_hmm.sig_p"", 0.02]]",2,"[0.02, 0.02]","[0.35, 0.35]","[0.998, 0.998]",[],[],[],[],[],False,False,False,True,False,False
exp362_segment_local_donor_slope_exact_hmm,/home/kento/work/kaggle/ROGII/experiments/exp362_segment_local_donor_slope_exact_hmm/config.yaml,,completed_postrun_support_audit_failed_closed,pf_beam,completed_postrun_support_audit_failed_closed,11.161677222752134,True,"[[""model.hmm.sig_p"", 0.02]]",1,[0.02],[0.35],[0.998],[],[],[],[],[],False,False,False,True,False,False
exp364_signed_curvature_exact_hmm,/home/kento/work/kaggle/ROGII/experiments/exp364_signed_curvature_exact_hmm/config.yaml,,completed_stage0_gate_failed_closed,pf_beam,completed_stage0_gate_failed_closed,"{""blocks"": 13631, ""decision"": ""STAGE0_FAIL_CLOSE_WITHOUT_RESCUE"", ""exact_hmm_well_runs"": 0, ""kernel_id_no"": 128529795, ""kernel_version"": 1, ""mrr_gain_vs_zero_first"": 0.25257379013523107, ""passed"": false, ""passing_folds"": 3, ""projected_peak_rss_gb"": 4.880433455, ""projected_runtime_seconds"": 33857.604, ""real_minus_circular_top1"": 0.0030812119433644147, ""scientific_pass"": false, ""selected_path_rmse_gain_vs_zero_ft"": 1.844152720349058, ""technical_pass"": true, ""top1_accuracy"": 0.5501430562687991, ""wells_scored"": 772}",True,"[[""model.fixed_from_exp209.sig_p"", 0.02]]",1,[0.02],[],[0.998],[],[],[],[],[],False,False,False,True,False,False
exp365_bounded_gr_registration_offset_hmm,/home/kento/work/kaggle/ROGII/experiments/exp365_bounded_gr_registration_offset_hmm/config.yaml,,completed_stage0_gate_failed_closed,pf_beam,completed_stage0_gate_failed_closed,null,True,"[[""model.fixed_from_exp209.sig_p"", 0.02]]",1,[0.02],[],[0.998],[],[],[],[],[],False,False,False,False,False,False
exp374_exp209_student_t_exact_hmm_emission,/home/kento/work/kaggle/ROGII/experiments/exp374_exp209_student_t_exact_hmm_emission/config.yaml,,terminal_closed_tail_gate_failed_no_rescue,pf_beam,terminal_closed_tail_gate_failed_no_rescue,11.720478702142103,True,"[[""model.fixed_hmm.sig_p"", 0.02]]",1,[0.02],[0.35],[0.998],[],[],[],[],[],False,False,False,True,False,False
exp389_exp209_huber_exact_hmm_emission,/home/kento/work/kaggle/ROGII/experiments/exp389_exp209_huber_exact_hmm_emission/config.yaml,,terminal_closed_tail_gate_failed_no_rescue,pf_beam,terminal_closed_tail_gate_failed_no_rescue,11.852741129500146,True,"[[""model.fixed_hmm.sig_p"", 0.02]]",1,[0.02],[0.35],[0.998],[],[],[],[],[],False,False,False,True,False,False
exp391_prefix_anchored_mode_persistence_hmm_readout,/home/kento/work/kaggle/ROGII/experiments/exp391_prefix_anchored_mode_persistence_hmm_readout/config.yaml,,completed_stage_a1_fail_closed,pf_beam,completed_stage_a1_fail_closed,null,True,"[[""model.fixed_hmm.sig_p"", 0.02]]",1,[0.02],[0.35],[0.998],[],[],[],[],[],False,False,False,False,False,False
exp393_exp347_practical_numerical_equivalence_audit,/home/kento/work/kaggle/ROGII/experiments/exp393_exp347_practical_numerical_equivalence_audit/config.yaml,,stage_a_failed_branch_closed,ensemble,stage_a_failed_branch_closed,22.866144492684903,True,"[[""model.state_space.sig_p"", 0.02]]",1,[0.02],[0.35],[0.998],[],[],[],[],[],False,False,False,True,False,False
exp394_soft_sticky_exp226_k16_branch_hmm,/home/kento/work/kaggle/ROGII/experiments/exp394_soft_sticky_exp226_k16_branch_hmm/config.yaml,,technical_preflight_runtime_failed_closed,pf_beam,technical_preflight_runtime_failed_closed,null,True,"[[""model.h_branch.fixed_hmm.sig_p"", 0.02]]",1,[0.02],[],[0.998],[],[],[],[],[],False,False,False,False,False,False
exp395_left_right_mode_consensus_confidence_readout,/home/kento/work/kaggle/ROGII/experiments/exp395_left_right_mode_consensus_confidence_readout/config.yaml,,closed_unimplemented_exp391_stage_a1_failed,pf_beam,closed_unimplemented_exp391_stage_a1_failed,null,True,"[[""model.fixed_hmm.sig_p"", 0.02]]",1,[0.02],[],[0.998],[],[],[],[],[],False,False,True,False,False,False
exp397_prefix_gr_agreement_adaptive_sigma_exact_hmm,/home/kento/work/kaggle/ROGII/experiments/exp397_prefix_gr_agreement_adaptive_sigma_exact_hmm/config.yaml,,stage_0_completed_guard_failed_closed,pf_beam,stage_0_completed_guard_failed_closed,null,True,"[[""model.fixed_hmm.sig_p"", 0.02]]",1,[0.02],[0.35],[0.998],[],[],[],[],[],False,False,False,False,False,False
exp398_all_well_1p3_sigma_gr_exact_hmm,/home/kento/work/kaggle/ROGII/experiments/exp398_all_well_1p3_sigma_gr_exact_hmm/config.yaml,,train_side_all_well_sigma_x1p3_gate_failed_closed,pf_beam,train_side_all_well_sigma_x1p3_gate_failed_closed,12.710664241676811,True,"[[""model.fixed_hmm.sig_p"", 0.02]]",1,[0.02],[0.35],[0.998],[],[],[],[],[],False,False,False,True,False,False
exp399_soft_sticky_fused_exact_runtime_audit,/home/kento/work/kaggle/ROGII/experiments/exp399_soft_sticky_fused_exact_runtime_audit/config.yaml,,full_oof_retry_running_after_late_fold_contract_fix,pf_beam,full_oof_retry_running_after_late_fold_contract_fix,null,True,"[[""model.h_branch.fixed_hmm.sig_p"", 0.02]]",1,[0.02],[],[0.998],[],[],[],[],[],False,False,False,False,False,False
