segment_type,segment,wells,rows,pf_pooled_rmse,beam_pooled_rmse,ml_pooled_rmse,last_anchor_pooled_rmse,pf_minus_beam_rmse,pf_minus_ml_rmse,beam_minus_ml_rmse,pf_beats_ml_wells,beam_beats_ml_wells,pf_beats_beam_wells,best_pf_wells,best_beam_wells,best_ml_wells,best_last_anchor_wells,mean_pf_beam_abs_diff,mean_pf_std,mean_beam_spread,mean_prefix_length,mean_eval_length,mean_pfx_rmse,mean_likpf_abs_delta
beam_spread_bucket,beam_spread_q1_0.0492_1.62,194,900513,12.603300220598502,14.797693344412332,8.091776316635814,14.963038262954374,-2.19439312381383,4.511523903962688,6.705917027776518,57,36,113,49,17,112,16,8.897083666818318,1.3622187891537858,1.0113683321907545,1721.629125842714,5037.519546080956,13.739849960066431,8.487964835451248
beam_spread_bucket,beam_spread_q2_1.62_2.68,193,911030,13.912396495192697,14.826226270235233,8.651625376870845,14.805296123450283,-0.9138297750425366,5.260771118321852,6.1746008933643886,59,35,116,49,19,115,10,8.937056390839608,1.346989204405373,2.176924972985121,1694.900874833979,5034.480098350219,13.894335420583735,8.709491002334296
beam_spread_bucket,beam_spread_q3_2.68_4.04,193,969474,14.651077590099785,17.007793373495318,10.37037499646069,16.842552772469364,-2.356715783395533,4.280702593639095,6.637418377034628,56,19,126,52,8,123,10,9.869932850679342,1.4595985307040973,3.3090391054643526,1677.8195320348973,5327.45563676798,14.528246471000974,9.069012659977524
beam_spread_bucket,beam_spread_q4_4.04_13.9,193,1002972,16.32648601510061,16.214336607695284,10.566756813716104,16.752865561587146,0.11214940740532597,5.759729201384506,5.64757979397918,62,34,123,57,9,114,13,11.530131184989536,1.2444669730294993,5.749226547012107,1670.3394471630315,5526.258382088433,14.31228670894711,10.210872082052129
best_engine,beam,53,262777,15.403099815528666,8.09612206631664,11.194949907895253,9.337974688627483,7.306977749212026,4.208149907633413,-3.098827841578613,13,53,0,0,53,0,0,7.966627885300731,1.3543740890406046,2.78443890452792,1711.0337548567798,5440.456238559691,13.668152766261887,6.166719376532556
best_engine,last_anchor,49,233293,18.692255379924298,9.27701877946019,11.060787947474699,7.451809093736454,9.415236600464107,7.631467432449599,-1.7837691680145085,14,35,10,0,0,0,49,10.817429329635319,1.781631169045732,3.1532187631922772,1713.8569009785977,4998.1339731582175,14.120224171462498,8.207759968542153
best_engine,ml,464,2299157,16.254850010175982,16.763834033596034,8.755064311896588,16.76350530452563,-0.5089840234200516,7.4997856982793945,8.008769721699446,0,0,261,0,0,464,0,9.912312303863066,1.304854683766191,3.0810106071885914,1690.686556855404,5315.521396320478,14.149202978082142,9.380009851638277
best_engine,pf,207,988762,6.63137049410432,16.15785634719303,10.339140463623087,16.702904438517013,-9.526485853088708,-3.7077699695187674,5.818715883569942,207,36,207,207,0,0,0,9.992160567586357,1.3607374046696818,3.355000944187836,1678.620431408165,5070.534391491582,14.213314469008317,9.618210211062982
likpf_abs_delta_bucket,likpf_abs_delta_q1_0.017_3.23,194,935221,12.833255701732423,11.20728005507608,7.843131782761932,10.974973119184398,1.625975646656343,4.9901239189704905,3.3641482723141474,61,37,117,55,18,109,12,6.8127959156105735,1.3099945940095399,2.877890964549669,1713.6124958699602,5277.171056894574,13.515008229540289,1.5634243708314444
likpf_abs_delta_bucket,likpf_abs_delta_q2_3.23_6.92,193,949246,12.76284253802103,11.142412545945918,7.934321233247578,11.274510079017656,1.6204299920751115,4.828521304773451,3.2080913126983397,51,32,102,39,15,123,16,6.88949725288285,1.3869604837205383,2.997371328213744,1704.2136748535154,5218.553793221146,14.144494541327537,5.018774800732784
likpf_abs_delta_bucket,likpf_abs_delta_q3_6.92_12.8,193,935924,14.546818840720476,15.956174606207725,10.469164070514125,15.786288927544073,-1.4093557654872484,4.077654770206351,5.487010535693599,57,27,120,53,13,118,9,9.465273058789855,1.3870213736708301,3.1772562412815786,1678.8812884379502,5160.4196793756755,14.66040668588625,9.74370143847965
likpf_abs_delta_bucket,likpf_abs_delta_q4_12.8_64.3,193,963598,17.291891260216474,22.03727581284822,11.322635130214582,22.579358193406403,-4.745384552631744,5.969256130001892,10.714640682633636,65,28,139,60,7,114,12,16.103016260491298,1.3254530629270265,3.484811856356688,1665.3535654910036,5304.757021081406,14.20042290008873,19.99377106013606
pf_beam_disagreement_bucket,pf_beam_disagreement_q1_0.364_4.26,194,864632,11.754170611062586,12.159008007117517,8.551396905266477,12.508787670966944,-0.40483739605493163,3.2027737057961083,3.60761110185104,58,42,122,46,17,121,10,2.866964692247241,1.1487199420503718,2.538701466141635,1711.1556280591049,4844.247282080701,14.25733289688295,5.8571679036172135
pf_beam_disagreement_bucket,pf_beam_disagreement_q2_4.26_7.76,193,966957,11.153760989757032,11.438821249006653,7.6975706067004666,11.667761638939988,-0.28506025924962053,3.4561903830565655,3.741250642306186,63,33,121,53,13,114,13,6.01969373421952,1.3791229106674825,3.056544898543808,1696.5652805657335,5351.792041424799,14.044732060610038,6.0458214250540045
pf_beam_disagreement_bucket,pf_beam_disagreement_q3_7.76_12.6,193,963588,13.403126905647541,13.79032885389455,8.606497108287256,13.751705551645472,-0.38720194824700904,4.796629797360286,5.183831745607295,57,26,115,54,14,115,10,9.930672667547855,1.4790649639829596,3.2224255180817667,1703.207803542593,5315.700944802135,14.003196748043042,8.406168899565458
pf_beam_disagreement_bucket,pf_beam_disagreement_q4_12.6_64.8,193,988812,19.654210102875098,22.575867999050892,12.378258992613482,22.68088532816383,-2.9216578961757946,7.275951110261616,10.19760900643741,56,23,120,54,9,114,16,19.637885238883708,1.380515036646229,3.653530037513632,1653.6458639255995,5405.311379716266,14.228528137901542,15.777613353176921
pf_minus_beam_rmse_bucket,-10--5,129,630974,9.574287534364366,15.59645620880753,8.56430777813727,15.606310541542802,-6.022168674443163,1.0099797562270965,7.03214843067026,60,4,129,60,0,69,0,9.927255269424018,1.3039722361344193,3.2572285416045705,1701.7364614072847,5166.892331538225,14.3019458325622,9.835200790468326
pf_minus_beam_rmse_bucket,-2-0,118,572229,10.926330399952189,11.783688705185767,7.872205473817985,11.796143805564906,-0.8573583052335785,3.054124926134204,3.9114832313677823,37,20,118,32,0,77,9,5.263903013971786,1.3655658042919894,2.9867807935972626,1694.6594125778315,5247.131793390408,14.415219071841342,6.048124564527321
pf_minus_beam_rmse_bucket,-5--2,130,622013,10.175918857248329,12.968891745668003,8.158451083989169,13.429776284933595,-2.7929728884196745,2.0174677732591597,4.810440661678834,53,15,130,52,0,77,1,6.903924280370049,1.4018214927117374,3.064784493693384,1695.5255356399305,5125.8968783610635,13.973389302107995,7.590280369636204
pf_minus_beam_rmse_bucket,0-2,83,405469,11.735622799666178,10.776222435655773,7.378259417185955,11.00237850607502,0.9594003640104045,4.357363382480223,3.3979630184698184,10,18,0,0,14,62,7,5.391654053485731,1.1872388519236488,2.762008836603528,1721.9734135038684,5320.3297046136695,14.18378760025304,6.584943914409562
pf_minus_beam_rmse_bucket,10+,57,289689,29.8376363813981,12.917700540175739,11.620376084097028,13.321853284504272,16.91993584122236,18.21726029730107,1.2973244560787105,0,20,0,0,11,34,12,19.247265180602923,1.3925983707144558,4.054387310287315,1649.0935831184477,5282.581240571785,14.40565085644122,11.424202327593656
pf_minus_beam_rmse_bucket,2-5,72,339478,12.824496001219826,9.907649729298294,7.721991502641023,10.034841570345156,2.916846271921532,5.102504498578803,2.185658226657271,8,20,0,0,13,49,10,7.28586193234576,1.3474983890529608,2.6134595590268823,1720.0155238336504,5007.390799992931,13.8471954382066,6.529138158295665
pf_minus_beam_rmse_bucket,5-10,83,419605,17.750364240065373,11.208226710083032,8.976094123913972,11.32025078223558,6.542137529982341,8.774270116151401,2.23213258616906,3,25,0,0,15,58,10,9.956681509877328,1.3844215687125894,2.858081351586613,1683.052318251689,5502.671176463579,13.306254710848298,6.873489771269926
pf_minus_beam_rmse_bucket,<-10,101,504532,14.251240244697495,28.939649815307586,14.427446542558094,28.985189452717613,-14.68840957061009,-0.17620629786059894,14.512203272749492,63,2,101,63,0,38,0,18.43975538372222,1.4225981380363464,3.6008665318940762,1649.413133359232,5317.66944415815,14.464144591886141,18.122723453177098
pf_minus_ml_rmse_bucket,-10--5,25,121736,6.724859881580961,14.18703433153675,12.867013612095576,15.034934587009728,-7.46217444995579,-6.142153730514615,1.3200207194411746,25,15,20,19,3,0,3,9.988450385900737,1.5309645639198675,3.330912084332605,1661.691414207794,5060.277682854702,15.15797484536456,11.529518426523776
pf_minus_ml_rmse_bucket,-2-0,120,559600,6.1474969157604455,12.67503583330309,6.895582288799643,13.068502666948127,-6.527538917542644,-0.7480853730391974,5.779453544503447,120,19,110,108,6,0,6,7.941275987650096,1.4470549606465761,3.0492552784012763,1691.0349338813437,4975.3585275196565,14.021779745861506,6.995265530819076
pf_minus_ml_rmse_bucket,-5--2,76,368086,7.108424708863761,15.50484633535793,9.934819849411197,15.744073133658464,-8.39642162649417,-2.8263951405474357,5.570026485946734,76,21,70,67,4,0,5,10.173370854077593,1.2052631436237997,3.3136252716188856,1691.9766766462185,5144.199551191841,14.346609950074711,9.87280288678557
pf_minus_ml_rmse_bucket,0-2,150,718978,10.148599895910685,14.50413408694967,9.396325952118456,14.674615792955551,-4.355534191038984,0.752273943792229,5.107808134831213,0,17,121,0,14,128,8,7.750557744193315,1.456326362102016,2.903154730756218,1686.0800622550341,5152.952718998356,14.205464918524628,7.529093768297235
pf_minus_ml_rmse_bucket,10+,116,585164,27.19899136144702,20.285211496912716,10.634775923681621,19.710689264070016,6.913779864534305,16.564215437765398,9.650435573231094,0,10,21,0,6,103,7,14.307679198953974,1.2745643405653733,3.3460355784176095,1666.2638491089676,5280.80959184092,14.469684936215492,11.333611759406585
pf_minus_ml_rmse_bucket,2-5,148,742833,10.174167979375394,13.60603074494523,7.1123784743414395,14.145319006800126,-3.4318627655698357,3.0617895050339543,6.49365227060379,0,16,86,0,10,128,10,8.637011476258516,1.362058893735596,2.893853360780086,1715.8395615165184,5412.788458509517,14.118565793838588,8.599357388044007
pf_minus_ml_rmse_bucket,5-10,125,624688,15.89867086558042,15.377576486740741,9.274083392331603,15.284342776858015,0.5210943788396794,6.624587473248818,6.103493094409139,0,19,37,0,10,105,10,10.154612839518908,1.2692488751794062,3.2190279869305907,1693.5159023384474,5442.1704146710035,13.524042154626471,9.27755937767015
pf_minus_ml_rmse_bucket,<-10,13,62904,11.156213031413584,31.241897433060693,25.00942086471113,32.57513819416394,-20.085684401647107,-13.853207833297548,6.232476568349561,13,7,13,13,0,0,0,18.73011814949344,1.2670592025691212,5.261331588100408,1672.1340296324558,5106.737472974692,14.011916665140532,22.743094865894772
pf_std_bucket,pf_std_q1_0.172_0.791,194,911604,15.787474541884954,15.470896494135605,10.274476282657398,15.907932225504464,0.31657804774934917,5.512998259227556,5.196420211478207,54,35,107,47,12,124,11,9.574345510800375,0.5680395814395747,3.0635921429619946,1701.8489925450085,5082.284597259336,12.92305449483844,9.383755968555022
pf_std_bucket,pf_std_q2_0.791_1.13,193,963319,14.759088861131652,17.074397993100284,10.032842844958498,17.251126267323713,-2.3153091319686325,4.726246016173153,7.041555148141786,63,31,125,55,15,115,8,9.849798118241653,0.9511048072786968,3.340757193315346,1665.4125248230337,5295.278213136044,13.57003528183364,9.232375648488645
pf_std_bucket,pf_std_q3_1.13_1.74,193,950820,13.523957039453917,14.86180250602078,8.38338499969305,15.13370361754989,-1.337845466566863,5.140572039760867,6.47841750632773,59,28,122,53,15,117,8,9.447028560543986,1.407490238351105,3.117624862096081,1686.0550987568624,5271.352499947414,14.268041812952086,9.538587305019753
pf_std_bucket,pf_std_q4_1.74_16.5,193,958246,13.852040839325314,15.577437443611787,9.32808945598093,15.243933809722408,-1.7253966042864732,4.523951383344384,6.249347987630857,58,30,124,52,11,108,22,10.527541955535916,2.4469053910220233,3.0190964670108027,1708.8412328358272,5305.783615063356,15.707166474592638,8.446734037479327
pfx_rmse_bucket,pfx_rmse_q1_4.57_11.9,194,969821,13.193192956565643,15.051149738858424,8.449625040239216,15.412437338305617,-1.8579567822927814,4.743567916326427,6.601524698619208,63,33,118,56,16,114,8,9.69944691196079,1.0849041809675446,2.8724810133091103,1654.6000385638174,5433.443083826809,10.15199454626988,8.176757898501618
pfx_rmse_bucket,pfx_rmse_q2_11.9_13.7,193,974101,15.406199374615122,15.080304387131932,10.557413783911636,15.312032403022751,0.32589498748319023,4.848785590703486,4.522890603220295,53,35,109,47,14,113,19,10.28759994871012,1.291234898351009,3.1798371046013236,1690.7236231150569,5314.13001013242,12.761008489869122,9.417168765425323
pfx_rmse_bucket,pfx_rmse_q3_13.7_15.9,193,929983,14.081467609154757,15.501349340856386,8.720161582995663,15.559739859342855,-1.4198817317016292,5.3613060261590935,6.781187757860723,51,33,115,45,15,122,11,9.253018759164886,1.3989489179114014,3.28948658275866,1699.112192373409,5194.677637118098,14.750557886442012,9.023789990772771
pfx_rmse_bucket,pfx_rmse_q4_15.9_61.3,193,910084,15.205103393552386,17.442170974270695,10.210114958599489,17.34833902236358,-2.2370675807183087,4.994988434952898,7.232056015671207,67,23,136,59,8,115,11,10.16814838762945,1.6548987601815845,3.2149707083897154,1719.1975378096968,5003.382035064895,19.20345071534276,10.016970651809302
prefix_length_bucket,0500-1000,1,4428,6.71119189417471,7.682225554202151,5.87681245803833,7.229814387531813,-0.971033660027441,0.8343794361363797,1.8054130961638206,0,0,1,0,0,1,0,1.6616735194803347,0.9348320182332882,0.1047361870347786,851.0,4428.0,8.501345000000002,4.022486519740854
prefix_length_bucket,1000-1500,148,719851,16.03241187140258,18.3141582992142,10.578330099275064,18.28976665493776,-2.281746427811619,5.454081772127516,7.735828199939135,44,22,91,40,11,87,10,11.255508658901865,1.2357807003953833,3.337789638406473,1386.3042407387084,5194.407935808938,13.534812408042221,10.47437448890664
prefix_length_bucket,1500-2500,624,3059710,14.114975529312343,15.123983153547679,9.265928622093986,15.30573968437189,-1.0090076242353359,4.849046907218357,5.858054531453693,190,102,386,167,42,376,39,9.535956332198664,1.3803054044529655,3.0934826942006834,1763.1279892538835,5252.661023430325,14.279117219336278,8.841923096829117
tail_length_bucket,0000-1000,2,1318,1.5973993321530886,3.385441720283736,1.1173550274586523,3.3134996364520988,-1.7880423881306473,0.48004430469443626,2.268086692825084,0,0,2,0,0,2,0,2.2608250727544696,0.5230134552655538,2.1975928426858875,1685.5599393019727,755.3641881638847,15.273339103945375,1.6996358989916542
tail_length_bucket,1000-2500,11,22925,11.377085617727802,11.34169914017797,4.790881045814343,12.203738897189977,0.035386477549831596,6.586204571913459,6.550818094363628,3,1,5,3,1,7,0,4.7985854034645525,1.0469696952386478,2.046811491096968,1610.6251254089423,2119.907655398037,14.936703335921482,7.1821726766149405
tail_length_bucket,2500-5000,419,1705415,13.065789180898472,15.449867363445302,8.899508230138794,15.56624633893827,-2.38407818254683,4.166280950759678,6.550359133306507,138,76,266,119,31,239,30,8.958966529065439,1.3877492380210725,2.7050945742372985,1703.5025404373716,4174.445773609356,14.254309786628063,9.124843810516104
tail_length_bucket,5000+,341,2054331,15.612009677175974,16.085189364062604,10.057564673724062,16.23024105500761,-0.47317968688662937,5.554445003451912,6.027624690338541,93,47,205,85,21,216,19,10.658051094087831,1.3267930919792106,3.507324998251276,1680.3704602617593,6163.402829923708,14.018472213046339,9.191792414798185
